-- phpMyAdmin SQL Dump
-- version 3.4.9
-- http://www.phpmyadmin.net
--
-- Host: net3-nl-mysql-13.vevida.net
-- Generation Time: Aug 24, 2014 at 01:25 PM
-- Server version: 5.1.72
-- PHP Version: 5.4.24

SET SQL_MODE="NO_AUTO_VALUE_ON_ZERO";
SET time_zone = "+00:00";


/*!40101 SET @OLD_CHARACTER_SET_CLIENT=@@CHARACTER_SET_CLIENT */;
/*!40101 SET @OLD_CHARACTER_SET_RESULTS=@@CHARACTER_SET_RESULTS */;
/*!40101 SET @OLD_COLLATION_CONNECTION=@@COLLATION_CONNECTION */;
/*!40101 SET NAMES utf8 */;

--
-- Database: `mysticlightnl`
--
CREATE DATABASE `mysticlightnl` DEFAULT CHARACTER SET latin1 COLLATE latin1_swedish_ci;
USE `mysticlightnl`;


-- --------------------------------------------------------

--
-- Table structure for table `tarotcard`
--

CREATE TABLE IF NOT EXISTS `tarotcard` (
  `id` int(11) NOT NULL AUTO_INCREMENT,
  `tarotelement` int(11) NOT NULL,
  `name` varchar(100) DEFAULT NULL,
  `number` int(11) DEFAULT NULL,
  `romannumber` varchar(10) DEFAULT NULL,
  `interpretationsummary` text,
  `sortorder` int(11) DEFAULT NULL,
  PRIMARY KEY (`id`,`tarotelement`),
  KEY `fk_tarotcard_tarotelement1` (`tarotelement`)
) ENGINE=InnoDB  DEFAULT CHARSET=latin1 AUTO_INCREMENT=79 ;

--
-- Dumping data for table `tarotcard`
--

INSERT INTO `tarotcard` (`id`, `tarotelement`, `name`, `number`, `romannumber`, `interpretationsummary`, `sortorder`) VALUES
(1, 2, 'Bekers Aas', 1, '', 'Bekers Aas gaat over het in contact komen met je diepste gevoelens en het ervaren van een liefdevolle energie. Deze kaart staat voor groei op gevoelsgebied en het luisteren naar je innerlijke stem. Ook kan deze kaart wijzen op een liefdevolle ontmoeting, wat kan leiden tot een vriendschap of zelfs een romance.', 37),
(2, 2, 'Bekers Acht', 8, '', 'Je merkt dat er een stagnatie is opgetreden in een bepaalde situatie en je besluit om het achter je te laten. Afscheid nemen is dus een thema van deze kaart. Dit kan tot wat gevoelsonzekerheid leiden, omdat het nieuwe nog onbekend voor je is. Het kan zijn dat je op zoek gaat naar bepaalde antwoorden in je leven of dat je je op belangrijke dingen gaat concentreren.', 44),
(3, 2, 'Bekers Drie', 3, '', 'Deze kaart geeft een levensblij gevoel aan wat je graag wilt delen met mensen om je heen, zoals je vrienden en familie. Daarom staat deze kaart voor vieringen, zoals een bruiloft, en het ervaren van een goed gevoel binnen een groep.', 39),
(4, 2, 'Bekers Koningin', 13, '', 'Deze persoon heeft veel inlevingsvermogen en een goed ontwikkelde intuïtie. Zij kan altijd vertrouwen op haar innerlijke stem. Ze staat open voor de gevoelens van anderen en is vriendelijk en zachtaardig voor de mensen om haar heen. Ze reageert altijd gevoelsmatig en doet dat harmonie met zichzelf en haar omgeving.', 49),
(5, 2, 'Bekers Negen', 9, '', 'Je bent helemaal ontspannen en zit lekker in je vel. De vreugde straalt van je af! Een droom is uitgekomen of de resultaten zijn zoals je gehoopt had. Dit is een kaart van voldoening en het genieten daarvan.', 45),
(6, 2, 'Bekers Ridder', 12, '', 'Deze kaart geeft een gevoelige, romantische persoonlijkheid aan, die bereid is te vechten voor een ideaal. Soms kan deze persoon nog al eens onrealistisch zijn en teveel fantaseren. Hij kijkt verder dan het oppervlakkige en zoekt altijd naar een diepere zin achter iets.', 48),
(7, 2, 'Bekers Schildknaap', 11, '', 'Een persoon die voor een deel nog leeft in dromen, beelden en fantasie. Hij of zij heeft veel creatieve ideeën en staat ook open voor de wereld van het gevoel. Deze kaart kan ook het begin van een liefde aanduiden', 47),
(8, 2, 'Bekers Koning', 14, '', 'Deze persoon handelt altijd vanuit zijn gevoel. Hij is een liefhebbend persoon en heeft veel invloed op anderen zonder ze te overheersen. Hij kan heel goed met mensen omgaan. Verder blijft hij altijd kalm en rustig, wat er ook gebeurt', 50),
(9, 2, 'Bekers Tien', 10, '', 'Je ervaart een grote gevoelsmatige vrede en geborgenheid en hebt het gevoel als het ware één te zijn met alles om je heen. Deze kaart duidt op positieve ontwikkelingen en een grote vreugde wat je ook duidelijk uitstraalt naar je omgeving.', 46),
(10, 2, 'Bekers Twee', 2, '', 'Bekers Twee geeft het sterker worden en groeien van een vriendschap of liefdesrelatie aan. Er is aantrekkingskracht en beide personen zijn bereid tot delen. Houden van jezelf is ook een thema dat hoort bij deze kaart, want je kunt pas echt van anderen houden als je ook met jezelf in overeenstemming bent.', 38),
(11, 2, 'Bekers Vier', 4, '', 'Bekers Vier geeft aan dat je je gevoelsmatig afsluit van de omgeving en dat je de kansen die je aangereikt worden negeert. Verveling en een gebrek aan motivatie kunnen hiermee samengaan. Het positieve van deze kaart kan zijn dat je je in jezelf keert om je emotionele balans te herstellen.', 40),
(12, 2, 'Bekers Vijf', 5, '', 'Dit is een kaart van verlies, eenzaamheid en verlatenheid. Door een enorme teleurstelling zitten we nu in een diepe put en zijn niet in staat positief te denken. Toch komt er altijd licht aan het eind van een donkere tunnel en zodra we de negatieve houding veranderen zullen we dit ook gaan inzien.', 41),
(13, 2, 'Bekers Zes', 6, '', 'Deze kaart staat voor tevredenheid en het gevoel van zorgeloosheid, net zoals kinderen dat ervaren. Het zijn vaak simpele dingen die een mens gelukkig kunnen maken en deze kaart geeft aan dat we aan de meest simpele dingen plezier kunnen beleven. Ook kan Bekers Zes staan voor prettige jeugdherinneringen of een goede thuissituatie.', 42),
(14, 2, 'Bekers Zeven', 7, '', 'Bekers Zeven gaat over het maken van keuzes. Er zijn een heleboel mogelijkheden, maar niet elke keuze is verstandig. Het is moeilijk de juiste keuzes te maken en deze kaart waarschuwt ervoor niet toe te geven aan verleidingen. Maar helemaal geen keuze maken is ook niet goed, want dat kan weer leiden tot een luie houding. De boodschap van deze kaart is dus: denk eerst goed na en kies wat het beste is voor je eigen geestelijke groei.', 43),
(15, 1, 'Het Oordeel', 20, 'XX', 'Het Oordeel is de ervaring dat je een onderdeel bent van een groter geheel. Na een lang innerlijk proces heb je een andere kijk op het leven gekregen, wat ook weer voor verbeteringen in je omgeving zorgt. Waarschijnlijk ben je bij deze kaart meer met jezelf in overeenstemming gekomen en heb je het gevoel dat je nu meer inzicht in het leven hebt gekregen.', 21),
(16, 1, 'De Duivel', 15, 'XV', 'De Duivel staat voor onze onbewuste angsten die ons kunnen belemmeren bij ons handelen. Deze angsten of negatieve gedachten kunnen ons tot een soort gevangene maken, waardoor we kansen laten schieten en we niet vooruit kunnen komen. Deze kaart maakt ons bewust van deze angsten, zodat we er op de juiste manier mee om kunnen gaan en ze ons niet meer belemmeren.', 16),
(17, 1, 'De Dwaas', 0, '0', 'De Dwaas is een avontuurlijke, optimistische persoon, vol vertrouwen in de toekomst. Hij heeft geen doel voor ogen en ziet wel wat hij op zijn weg tegen zal komen. Deze kaart kan wijzen op nieuwe uitdagende kansen of onverwachte veranderingen.', 1),
(18, 1, 'De Gehangene', 11, 'XI', 'Deze kaart geeft een periode van inactiviteit aan of dat er iets opgeofferd of losgelaten moet worden. Het kan zijn dat je een beetje met je ziel onder je arm loopt, omdat er geen vooruitgang is of omdat je wat minder gemotiveerd bent.', 12),
(19, 1, 'De Geliefden', 6, 'VI', 'Het eerste waar bij deze kaart aan gedacht wordt is een liefdesrelatie. Dit hoeft echter niet zo te zijn. Deze kaart gaat vooral over het zoeken naar eenheid en relaties. Dit gaat niet altijd even makkelijk. Vaak zullen moeilijke keuzes gemaakt moeten worden. Deze kaart kan dus een moeilijke keuze aanduiden.', 7),
(20, 1, 'De Hogepriester', 5, 'V', 'Deze kaart staat symbool voor een groep. Dit kan een school zijn, maar ook de kerk of zelfs een hele cultuur. Hij kan een leraar zijn die een groep iets wil leren, maar kan ook ons geweten zijn. Deze kaart kan duidelijk maken dat we iets moeten leren of op zoek gaan naar een religie.', 6),
(21, 1, 'De Hogepriesteres', 2, 'II', 'Deze kaart is het symbool voor ons onbewuste, de innerlijke wereld waar we geen toegang krijgen met ons bewuste, maar door in stilte te luisteren. Zij is onze innerlijke stem, onze intuïtie en dromen. Dit is de kaart van het occulte en paranormale begaafdheid. Ze leert ons dat er meer is dan we met ons bewustzijn kunnen waarnemen en dat we veel meer mogelijkheden in ons hebben dan we zelf beseffen.', 3),
(22, 1, 'De Keizer', 4, 'IV', 'De Keizer is het vadertype. Hij is een leider, die zorgt voor orde en stabiliteit. Moraal en ethiek staan bij hem hoog in het vaandel. Deze kaart leert ons, onze eigen ideeën te volgen in plaats van die van anderen, of dat er in een chaotische situatie organisatie vereist is.', 5),
(23, 1, 'De Keizerin', 3, 'III', 'De Keizerin is Moeder Natuur, de scheppende kracht die zorgt voor vruchtbaarheid en creativiteit. Ze geniet van de schoonheid van het leven en voelt zich één met de wereld om haar heen. Het volgende zen-gedicht past mooi bij deze kaart: In stilte zittend, niets doende, Komt de lente, en het gras groeit uit zichzelf. Deze kaart wil dus zeggen dat we (net als bij De Hogepriesteres) geen actie hoeven te ondernemen, maar rustig moeten wachten op de dingen die zullen komen.', 4),
(24, 1, 'De Kluizenaar', 9, 'IX', 'De Kluizenaar heeft zich teruggetrokken van de buitenwereld om alles eens goed te overdenken. Hij weet dat hij alleen in stilte de antwoorden zal vinden die hij zoekt. Deze kaart kan wijzen op een periode waarin je je terug wilt trekken van alle drukte of hulp krijgt van een wijze leraar.', 10),
(25, 1, 'De Maan', 18, 'XVIII', 'De Maan staat voor vage angsten, illusies of bedrog. Het is de taal van ons onbewuste die onder andere tot uiting komt in onze dromen. Deze kaart kan er dus op wijzen dat je wat meer naar de betekenis van je dromen moet kijken, want ook al lijken dromen soms nergens over te gaan, het zijn toch symbolen van je onbewuste die op die manier je iets duidelijk wil maken.', 19),
(26, 1, 'De Magiër', 1, 'I', 'De Magiër staat symbool voor ons bewustzijn. Hier vindt ons denken plaats en zetten we gedachten om in daden. De Magiër is dus een persoon die weloverwogen actie onderneemt en dus niet zo impulsief is als De Dwaas. Deze kaart kan wijzen op de ontwikkeling van onze talenten of het uitwerken van een idee.', 2),
(27, 1, 'De Ster', 17, 'XVII', 'De Ster is een kaart van hoop, het licht aan het eind van een donkere tunnel. Het kan zijn dat je in deze periode weer gemotiveerd raakt om aan iets nieuws te gaan beginnen of dat je het gevoel hebt dat je jezelf kunt zijn ongeacht wat anderen ervan denken.', 18),
(28, 1, 'De Toren', 16, 'XVI', 'De Toren heeft te maken met een plotselinge snelle verandering. Plannen kunnen plotseling gewijzigd worden of er ontstaat ineens een chaos. Deze verandering kan pijnlijk zijn, omdat verandering vaak gevoelens van weerstand oproept. Het is aan jou hoe je ermee omgaat, verandering kan ook positieve gevolgen hebben ook al is dat in het begin vaak moeilijk om in te zien.', 17),
(29, 1, 'De Zegewagen', 7, 'VII', 'De Zegewagen toont ons een sterke persoonlijkheid. Hij weet wat zijn doel is en hoe dat bereikt moet worden. Van hem kunnen we leren dat wilskracht en hard werken nodig is om moeilijkheden te kunnen overwinnen. In een legging kan deze kaart betekenen dat we zelfdiscipline en vastberadenheid nodig hebben om een probleem op te lossen.', 8),
(30, 1, 'De Zon', 19, 'XIX', 'De Zon straalt van positiviteit. Waarschijnlijk voel je je heel goed en zit je vol met energie. De Zon staat voor zelfvertrouwen, vreugde en levendigheid. Een onderneming kan succes hebben of er is goed nieuws op komst.', 20),
(31, 1, 'Dood', 13, 'XIII', 'Voor vele mensen de meest angstaanjagende kaart. Geen paniek! Er zullen geen doden vallen. De Dood kondigt een grote verandering aan. Een nieuwe situatie zal onstaan, maar de oude zal nooit meer terugkeren. Dit kan best moeilijk zijn, omdat de meeste mensen alles graag bij het oude houden. Achteraf zal blijken dat de verandering toch een goede vooruitgang is geweest. Schrik dus niet bij deze kaart, maar verwacht een nieuwe uitdagende periode!', 14),
(32, 1, 'Gerechtigdheid', 12, 'XII', 'Evenwicht wijst ons op de gevolgen van onze gedachten en daden, want zij beïnvloeden onze omgeving en onszelf. Dit principe wordt ook wel karma genoemd: alles wat je doet of denkt zal naar je terugkeren. Dus als we positief denken zullen goede dingen terugkeren, maar het omgekeerde geldt ook! Deze kaart kan aanduiden dat je twijfelt over de juiste beslissing of dat je de gevolgen van je daden moet accepteren.', 13),
(33, 1, 'Het Rad Van Fortuin', 10, 'X', 'Het Rad Van Fortuin is een kaart van verandering. De enige zekerheid die we hebben in het leven is dat alles verandert. Als je probeert alles bij het oude te houden, dan zorgt dat voor stagnatie en kun je grote kansen in je leven mislopen. Als deze kaart verschijnt, dan zal de sleur doorbroken worden en zal er een verandering in de huidige situatie optreden. Verzet je hier niet tegen, maar kijk naar de positieve effecten die deze verandering teweeg kan brengen.', 11),
(34, 1, 'De Wereld', 21, 'XXI', 'Het Universum de laatste kaart van de Grote Arcana en geeft aan dat een doel bereikt is en dat alles op dit moment zonder problemen verloopt. Het geeft een volmaakt gevoel aan, een gevoel van dankbaarheid voor het leven, het gevoel dat je je plek gevonden hebt.', 22),
(35, 1, 'Gematigdheid', 14, 'XIV', 'Gematigdheid geeft een gevoel van rust en vrede aan. Problemen hoeven nog niet opgelost te zijn, maar je kunt er nu wel ontspannen mee omgaan. Ook kan deze kaart aanduiden dat je het gevoel hebt dat de puzzelstukjes op zijn plaats vallen of dat je van twee tegenstellingen de middenweg hebt gevonden.', 15),
(36, 1, 'Kracht', 8, 'VIII', 'Deze kaart gaat over onze innerlijke kracht. Het is de kracht die ervoor zorgt dat je ondanks alle moeilijkheden toch vol kunt houden. Kracht is zachtaardiger dan De Zegewagen. Bij deze kaart is geduld belangrijker om problemen te overwinnen, dan het actief bezig zijn. De boodschap van deze kaart is dus: geef niet op, maar heb geduld en forceer niets, want dan zal alles goedkomen.', 9),
(37, 5, 'Pentakels Aas', 1, '', 'Pentakels Aas is een erg optimistische kaart, die voorspoed aanduidt op het materiële vlak, zoals een financiële meevaller. Ook geeft deze kaart groei en vooruitgang aan en dat het nu de juiste tijd is om een plan concreet uit te gaan voeren.', 65),
(38, 5, 'Pentakels Acht', 8, '', 'Pentakels Acht kan op 2 manieren geïnterpreteerd worden: Ten eerste duidt deze kaart volledige inzet in een project aan waarbij je heel zorgvuldig te werk gaat, zodat je geen kleine dingen over het hoofd ziet. Hier kun je zo in opgaan dat je je omgeving soms een beetje vergeet. Een andere aanduiding kan zijn dat je je concentreert op het leren van nieuwe vaardigheden, omdat je je mogelijkheden wil gaan uitbreiden.', 72),
(39, 5, 'Pentakels Drie', 3, '', 'Deze kaart gaat over het bereiken van een doel. Dit is mogelijk door je volledig op je taak te concentreren en je vaardigheden goed te benutten. Een goede organisatie, planning en samenwerking kan hierbij erg belangrijk zijn.', 67),
(40, 5, 'Pentakels Koningin', 13, '', 'De persoon op deze kaart staat staat symbool voor het genieten. Ze geniet van alles om haar heen, zoals de natuur en de mensen om haar heen. Zij is een hartelijke vrouw die altijd klaar staat voor anderen. Ze is altijd goed in staat om een warme huiselijke sfeer te creeëren waarin iedereen zich veilig en op zijn gemak voelt.', 77),
(41, 5, 'Pentakels Negen', 9, '', 'Het einddoel is in zicht en je begint de positieve effecten van het werk te ervaren. Je krijgt een beloning of waardering die je een voldaan gevoel geven. Ook is het mogelijk dat er onverwachte inkomsten zullen komen, zoals het winnen van een loterij of het krijgen van een erfenis.', 73),
(42, 5, 'Pentakels Ridder', 12, '', 'Dit is een hardwerkende persoon. Als hij eenmaal een doel heeft waarvoor hij werkt, dan gaat hij daar vastberaden mee door, zonder zich te laten ontmoedigen. Dit kan hem soms wel een beetje koppig maken, maar als hij iets doet dan wil hij dat ook goed doen. Het is dus een echte doorzetter, maar soms is hij nog wel behoedzaam en voorzichtig om niets fout te doen.', 76),
(43, 5, 'Pentakels Schildknaap', 11, '', 'Deze persoon is een realistische jongeman. Hij houdt van stabiliteit en veiligheid en geeft anderen ook veel vertrouwen. Hij staat symbool voor nieuwe kansen of een opgave op concreet vlak die rijkdom en veiligheid met zich mee kunnen brengen.', 75),
(44, 5, 'Pentakels Koning', 14, '', 'Deze persoon is een goede leider. Hij is heel goed in staat om bestaande situaties in te schatten en te zien wat er concreet nodig is. Hij is graag praktisch bezig en werkt dus veel met zijn handen. Het is een betrouwbaar persoon, hij houdt zich altijd aan zijn beloften.', 78),
(45, 5, 'Pentakels Tien', 10, '', 'Deze kaart geeft een gevoel van tevredenheid aan. Je zaken hebben succes gehad en daar voel je je heel comfortabel bij. Financieel gaat ook alles goed en er is geen reden voor bezorgdheid.', 74),
(46, 5, 'Pentakels Twee', 2, '', 'Het leven is nooit steeds hetzelfde, er is altijd verandering. In de natuur ervaren we dat bijvoorbeeld bij de wisseling van de seizoenen en de getijden van de zee. Verandering is heel natuurlijk, ook op materieel gebied. Deze kaart vertelt ons dat we ons hier niet tegen moeten verzetten, maar er flexibel mee om moeten gaan zodat we optimaal van het leven kunnen genieten.', 66),
(47, 5, 'Pentakels Vier', 4, '', 'Er is tijdelijk stabiliteit op materieel gebied en er is een gevoel van veiligheid. Het gevaar bestaat nu dat je teveel vast wilt houden aan die veiligheid en verandering niet toestaat. Dit kan groei stagneren. Deze kaart waarschuwt ons voor teveel bezitterigheid.', 68),
(48, 5, 'Pentakels Vijf', 5, '', 'Pentakels Vijf duidt een periode met zorgen of tegenslagen aan op het gebied van gezondheid of materiële zaken. Het kan zijn dat het op je werk wat minder gaat of dat je je lichaam teveel verwaarloosd hebt. Ook kan deze kaart een gevoel van eenzaamheid aangeven.', 69),
(49, 5, 'Pentakels Zes', 6, '', 'Dit is een kaart van succes, een investering zal nu zijn vruchten gaan afwerpen. Je hebt het gevoel meer te hebben dan je nodig hebt en wil anderen ook laten delen in je voorspoed, of je ontvangt een gift van iemand anders. Liefdadigheid en samen delen zijn belangrijke themas bij deze kaart.', 70),
(50, 5, 'Pentakels Zeven', 7, '', 'Bij deze kaart zie je langzaam de resultaten komen van het harde werken. Je kunt er geen invloed op uitoefenen, je kunt nu alleen maar afwachten. Dit kan gepaard gaan met gevoelens van ontevredenheid, omdat je meer resultaat had verwacht.', 71),
(51, 4, 'Staven Aas', 1, '', 'Staven Aas staat voor een nieuwe levensfase, vol vitaliteit, creativiteit en zelfvertrouwen. Nieuwe uitdagingen liggen in het verschiet, maar pas op dat je je niet overhaast in nieuwe projecten stort.', 23),
(52, 4, 'Staven Acht', 8, '', 'Snelheid is het thema van deze kaart. Een project zal snel en succesvol tot een eind komen. Hiermee zal het niet eindigen, want een nieuwe uitdaging ligt al te wachten. Het lijkt wel of alles vanzelf gaat, want obstakels zijn er niet.', 30),
(53, 4, 'Staven Drie', 3, '', 'Door goed leiderschap, vooruit te denken en door te weten waarmee je bezig bent is een project succesvol. Het werk is nog niet klaar, want het project is nog niet op zijn eind.', 25),
(54, 4, 'Staven Koningin', 13, '', 'Dit is een spontane vrouw, vol zelfvertrouwen en wilskracht. Zij is praktisch, onafhankelijk en heeft een groot organisatietalent. Ze weet wat ze wil en zet dat ook in daden om. Een persoon die gelooft in haar eigen capaciteiten.', 35),
(55, 4, 'Staven Negen', 9, '', 'Door ervaringen in het verleden ben je nu op je hoede en heb je een verdedigende houding aangenomen. Ook staat deze kaart voor doorzettingsvermogen - ondanks alle moeilijkheden ga je toch door!', 31),
(56, 4, 'Staven Ridder', 12, '', 'Deze persoonlijkheid heeft altijd een enorm enthousiasme, maar weet vaak niet hoe hij zijn energie kan gebruiken. Daarom kan hij nog wel eens energie verspillen, omdat hij vaak impulsief aan nieuwe dingen begint zonder daar eerst goed over na te denken. Dat maakt hem vaak ook ongeduldig, omdat hij direct wil doen wat in zijn hoofd opkomt.', 34),
(57, 4, 'Staven Schildknaap', 11, '', 'Deze persoon houdt van plezier maken in het leven en geeft het gevoel nog alle kanten op te kunnen in het leven. Grijp kansen met beide handen aan en begint vol vertrouwen aan nieuwe projecten. Deze kaart kan symbool staan voor een nieuwe impuls en het inslaan van een andere richting.', 33),
(58, 4, 'Staven Koning', 14, '', 'Deze persoon heeft een sterke persoonlijkheid en weet hoe hij zijn energie goed kan gebruiken. Hij is kalm, maar vaak wel met een diep enthousiasme. Hij is origineel, inventief en schroomt niet om actie te ondernemen.', 36),
(59, 4, 'Staven Tien', 10, '', 'Staven Tien geeft een situatie aan waarin je teveel werk of verantwoordelijkheden op je neemt. Dit gaat vaak gepaard met veel spanning en frustratie. Het is belangrijk om in deze situatie een stapje terug te doen en wat meer tijd te besteden aan ontspanning.', 32),
(60, 4, 'Staven Twee', 2, '', 'Deze kaart is een kaart van energie. Je hebt het gevoel alles aan te kunnen en gaat recht op je doel af. Je bent in staat je dromen waar te maken en je durft hier risicos voor te nemen.', 24),
(61, 4, 'Staven Vier', 4, '', 'Een succesvol afgerond project. Deze kaart staat voor blijdschap, een gevoel van vrijheid en innerlijke zekerheid. Ook kan Staven Vier op een romance wijzen.', 26),
(62, 4, 'Staven Vijf', 5, '', 'Staven Vijf geeft een gevoel van onrust of rivaliteit aan wat tot twist met de omgeving kan leiden. Je hebt het gevoel dat alles tegenzit en het liefst zou je je tegen alles en iedereen willen afzetten. Een positieve kant van deze kaart is het aangaan van uitdagingen.', 27),
(63, 4, 'Staven Zes', 6, '', 'Na hard werken is de overwinning of het succes behaald, wat een enorm gevoel van triomf en zelfvertrouwen geeft. De omgeving heeft hier bewondering voor en daar ben je je goed bewust van. De keerzijde hiervan is dat je het gevoel kan krijgen boven anderen te staan, wat kan leiden tot arrogantie.', 28),
(64, 4, 'Staven Zeven', 7, '', 'Dit is een kaart van confrontatie. Je laat iets niet zomaar over je heen komen, maar komt op voor jezelf. Het kan bijvoorbeeld zijn dat je je verdedigt tegen kritiek of dat je onwillig bent om te doen wat anderen van je willen. Pas op dat je niet te snel de strijd aangaat, maar vraag je eerst af of het wel de moeite waard is.', 29),
(65, 3, 'Zwaarden Aas', 1, '', 'Zwaarden Aas staat voor een idee of een ingeving. Ook kan deze kaart betekenen dat je door helder en analytisch te denken een chaotische situatie kunt oplossen of het een en ander op een rijtje kunt zetten.', 51),
(66, 3, 'Zwaarden Acht', 8, '', 'Belemmering is waar deze kaart om draait. Je ervaart remmingen of blokkades of je gedachten lopen helemaal vast in oude overtuigingen en opvattingen. Flexibiliteit is ver te zoeken en je hebt het gevoel geen invloed te hebben in de dingen die gebeuren.', 58),
(67, 3, 'Zwaarden Drie', 3, '', 'Deze kaart staat voor de pijnlijke gevoelens waar we mee te maken krijgen als we plotseling achter de waarheid komen, zoals bedrog, of moeilijke gebeurtenissen ons leven kruisen. Dit kunnen gevoelens van bijvoorbeeld teleurstelling, eenzaamheid of onzekerheid zijn. Ook kan het zijn dat verdrongen of onbewuste gevoelens plotseling boven komen, wat ook weer bepaalde pijnlijke emoties kan oproepen.', 53),
(68, 3, 'Zwaarden Koningin', 13, '', 'Deze persoon heeft een groot analytisch vermogen, waardoor ze altijd overzicht en inzicht in situaties heeft. Hierdoor kan ze recht op haar doel afgaan. Ze houdt niet van leugens en laat zich ook niet zo makkelijk voor de gek houden, daarvoor heeft ze teveel inzicht. Ze is erg wijs, deze wijsheid is vaak verkregen door een moeilijke tijd meegemaakt te hebben.', 63),
(69, 3, 'Zwaarden Negen', 9, '', 'Deze kaart staat voor de negativiteit waar we allemaal wel eens last van hebben. Bijvoorbeeld angsten, twijfel, zorgen en sombere gedachten. Het lijkt wel of ze door je hoofd blijven malen. De kaart kan je erop wijzen dat je op dit moment een moeilijke weg aan het bewandelen bent.', 59),
(70, 3, 'Zwaarden Ridder', 12, '', 'Deze persoon kan soms nogal agressief zijn. Hij is strijdbaar en kan zich soms verweren met harde woorden in een situatie waarin dat ook minder kan. Hij moet oppassen voor woedeaanvallen zonder reden.', 62),
(71, 3, 'Zwaarden Schildknaap', 11, '', 'Deze persoon is graag bezig met het bedenken van nieuwe plannetjes en het analyseren van een probleem. Soms kan hij nogal onhandig reageren of te snelle conclusies trekken, omdat zhij niet genoeg tijd neemt om eerst eens goed na te denken voordat zij wat doet.', 61),
(72, 3, 'Zwaarden Koning', 14, '', 'Op het gebied van denken en logisch redeneren is deze persoon op zijn best. Hij kan zich makkelijk met woorden verweren. Soms kan hij nogal koel en afstandelijk overkomen, omdat zijn gevoel ondergeschikt is aan zijn verstand. Hij heeft altijd goed gefundeerde plannen en ideeën en gebruikt zijn gezond verstand.', 64),
(73, 3, 'Zwaarden Tien', 10, '', 'Op dit moment zit je misschien in een dieptepunt, maar bedenk dat het vanaf nu weer steeds beter zal gaan. Deze kaart kan het einde van een nare periode aanduiden. Ook drukt deze kaart zelfmedelijden uit, bijvoorbeeld een overdreven gevoel dat iedereen tegen je is.', 60),
(74, 3, 'Zwaarden Twee', 2, '', 'Zwaarden Twee wijst erop dat je je afsluit voor iets. Het kan zijn dat je je emoties blokkeert, moeilijkheden bewust probeert te ontwijken of bang bent om iets te ondernemen. Hoewel je weet dat het niet goed voor je is, blijf je toch passief afwachten in de hoop dat de situatie vanzelf zal veranderen.', 52),
(75, 3, 'Zwaarden Vier', 4, '', 'Deze kaart staat voor een periode van rust, om weer even op te laden voor de activiteiten die nog gaan komen. Deze tijd kun je gebruiken voor ontspanning of om rustig na te denken.', 54),
(76, 3, 'Zwaarden Vijf', 5, '', 'Je eigen behoeften veilig stellen is een thema van deze kaart. Dit kan leiden tot alleen maar aan jezelf denken of zelfs anderen misleiden. Maar andersom kan ook: je wordt misleid waardoor je je minderwaardig of waardeloos voelt. Ook kan deze kaart teleurstelling aanduiden, omdat je niet krijgt wat je graag zou willen.', 55),
(77, 3, 'Zwaarden Zes', 6, '', 'Deze kaart kan op verschillende manieren uitwerken: Het kan een stemming aangeven waarbij je je moe en futloos voelt. Ook kan het zijn dat er een einde komt aan een moeilijke situatie en dat je problemen achter je kunt laten. Een nieuw begin kan dus ook een betekenis van deze kaart zijn.', 56),
(78, 3, 'Zwaarden Zeven', 7, '', 'Een thema van Zwaarden Zeven is bedrog. Het kan zijn dat je bedrogen wordt of dat je zelf iemand bedriegt. Het kan ook (onbewust) verraad aan jezelf betekenen. Misschien loop je weg voor je verantwoordelijkheden of onderneem je geen actie terwijl dat wel zou moeten. Ook kan het zijn dat je een probleem niet onder ogen wilt zien en het daarom probeert weg te stoppen.', 57);

-- --------------------------------------------------------

--
-- Table structure for table `tarotcarddeck`
--

CREATE TABLE IF NOT EXISTS `tarotcarddeck` (
  `id` int(11) NOT NULL AUTO_INCREMENT,
  `name` varchar(100) DEFAULT NULL,
  `subname` varchar(150) DEFAULT NULL,
  `number` int(11) DEFAULT NULL COMMENT 'Number displayed on tarotcard',
  `romannumber` varchar(10) DEFAULT NULL,
  `sortorder` int(11) DEFAULT NULL,
  `image` varchar(255) DEFAULT NULL,
  `imagedescription` varchar(255) DEFAULT NULL,
  `subtitle` varchar(255) DEFAULT NULL,
  `tarotcard` int(11) DEFAULT NULL,
  `tarotdeck` int(11) NOT NULL,
  PRIMARY KEY (`id`,`tarotdeck`),
  KEY `fk_tarotcarddeck_tarotcard1` (`tarotcard`),
  KEY `fk_tarotcarddeck_tarotdeck1` (`tarotdeck`)
) ENGINE=InnoDB  DEFAULT CHARSET=latin1 AUTO_INCREMENT=393 ;

--
-- Dumping data for table `tarotcarddeck`
--

INSERT INTO `tarotcarddeck` (`id`, `name`, `subname`, `number`, `romannumber`, `sortorder`, `image`, `imagedescription`, `subtitle`, `tarotcard`, `tarotdeck`) VALUES
(1, 'The Chariot', '', -1, '', -1, 'chariot.jpg', 'The Chariot', '', 29, 2),
(2, '2 of Cups', '', -1, '', -1, 'cu2.jpg', '2 of Cups', '', 10, 2),
(3, 'Queen of Pentacles', '', -1, '', -1, 'qupent.jpg', 'Queen of Pentacles', '', 40, 2),
(4, 'Ace of Swords', '', -1, '', -1, 'swace.jpg', 'Ace of Swords', '', 65, 2),
(5, 'Temperance', '', -1, '', -1, 'temp.jpg', 'Temperance', '', 35, 2),
(6, '7 of Wands', '', -1, '', -1, 'wa7.jpg', '7 of Wands', '', 64, 2),
(7, 'Bekers Ridder', '', 14, '', 49, 'BekersRidder.jpg', 'Knight of Cups', '', 8, 3),
(8, 'De Geliefden', '', 6, 'VI', 6, 'DeGeliefden.jpg', 'The Lovers', '', 19, 3),
(9, 'De Zon', '', 19, 'XIX', 19, 'DeZon.jpg', 'The Sun', '', 30, 3),
(10, '2 of Coins', '', -1, '', -1, '2coins.jpg', '2 of Coins', '', 46, 10),
(11, '8 of Cups', '', -1, '', -1, '8cups.jpg', '8 of Cups', '', 2, 10),
(12, 'Ace of Wands', '', -1, '', -1, 'ace_wands.jpg', 'Ace of Wands', '', 51, 10),
(13, 'The Hanging Dragon', '', -1, '', -1, 'hanged_dragon.jpg', 'The Hanging Dragon', '', 18, 10),
(14, 'King of Swords', '', -1, '', -1, 'king_swords.jpg', 'King of Swords', '', 72, 10),
(15, 'The Lovers', '', -1, '', -1, 'lovers.jpg', 'The Lovers', '', 19, 10),
(16, '2 of Accorns', '', -1, '', -1, 'acc2.jpg', '2 of Accorns', '', 46, 4),
(17, '6 of Bells', '', -1, '', -1, 'bells6.jpg', '6 of Bells', '', 63, 4),
(18, 'King of Hearts', '', -1, '', -1, 'heartsking.jpg', 'King of Hearts', '', 8, 4),
(19, 'The Hierophant', '', -1, '', -1, 'hieroph.jpg', 'The Hierophant', '', 20, 4),
(20, '1 of Leaves', '', -1, '', -1, 'leav1.jpg', '1 of Leaves', '', 65, 4),
(21, 'The Sylph', '', -1, '', -1, 'sylph.jpg', 'The Sylph', '', 35, 4),
(22, 'The Chariot', '', -1, '', -1, 'chariot.jpg', 'The Chariot', '', 29, 5),
(23, 'Death', '', -1, '', -1, 'death.jpg', 'Death', '', 31, 5),
(24, 'The Emperor', '', -1, '', -1, 'emperor.jpg', 'The Emperor', '', 22, 5),
(25, 'The Magician', '', -1, '', -1, 'magician.jpg', 'The Magician', '', 26, 5),
(26, 'The Star', '', -1, '', -1, 'star.jpg', 'The Star', '', 27, 5),
(27, 'The Universe', '', -1, '', -1, 'universe.jpg', 'The Universe', '', 34, 5),
(28, 'Aas van de Kelken', '', -1, '', -1, 'kelkaas.jpg', 'Aas van de Kelken', '', 1, 1),
(29, 'De Kluizenaar', '', -1, '', -1, 'kluiz.jpg', 'De Kluizenaar', '', 24, 1),
(30, 'Staven 7', '', -1, '', -1, 'st7.jpg', 'Staven 7', '', 64, 1),
(31, 'De Ster', '', -1, '', -1, 'ster.jpg', 'De Ster', '', 27, 1),
(32, 'Staven Vader in het Oosten', '', -1, '', -1, 'stkoning.jpg', 'Staven Vader in het Oosten', '', 58, 1),
(33, 'Zwaarden 2', '', -1, '', -1, 'zw2.jpg', 'Zwaarden 2', '', 74, 1),
(34, 'Guidance', '', -1, '', -1, 'guid.jpg', 'Guidance', '', 46, 6),
(35, 'Innocence', '', -1, '', -1, 'innocence.jpg', 'Innocence', '', 30, 6),
(36, 'Intensity', '', -1, '', -1, 'intensity.jpg', 'Intensity', '', 56, 6),
(37, 'Letting Go', '', -1, '', -1, 'lettinggo.jpg', 'Letting Go', '', 1, 6),
(38, 'New Vision', '', -1, '', -1, 'newvis.jpg', 'New Vision', '', 32, 6),
(39, 'Rebirth', '', -1, '', -1, 'rebirth.jpg', 'Rebirth', '', 73, 6),
(40, '6 of Coins', '', -1, '', -1, '6coins.jpg', '6 of Coins', '', 49, 8),
(41, '7 of Cups', '', -1, '', -1, '7cups.jpg', '7 of Cups', '', 14, 8),
(42, 'Ace of Swords', '', -1, '', -1, 'ace_swords.jpg', 'Ace of Swords', '', 65, 8),
(43, 'The Emperor', '', -1, '', -1, 'emperor.jpg', 'The Emperor', '', 22, 8),
(44, 'Queen of Clubs', '', -1, '', -1, 'queen_clubs.jpg', 'Queen of Clubs', '', 54, 8),
(45, 'The Wheel of Fortune', '', -1, '', -1, 'wheel.jpg', 'The Wheel of Fortune', '', 33, 8),
(46, '5 of Cups', '', -1, '', -1, 'cups5.jpg', '5 of Cups', '', 12, 9),
(47, 'Death', '', -1, '', -1, 'death.jpg', 'Death', '', 31, 9),
(48, 'King of Disks', '', -1, '', -1, 'disksking.jpg', 'King of Disks', '', 44, 9),
(49, '6 of Swords', '', -1, '', -1, 'swords6.jpg', '6 of Swords', '', 77, 9),
(50, '5 of Wands', '', -1, '', -1, 'wands5.jpg', '5 of Wands', '', 62, 9),
(51, 'The World Tree', '', -1, '', -1, 'worldtree.jpg', 'The World Tree', '', 34, 9),
(52, 'De Kluizenaar', '', 9, 'IX', 10, 'DeKluizenaar.jpg', 'De Kluizenaar', '', 24, 7),
(53, 'Kracht', '', 8, 'VII', 9, 'Kracht.jpg', 'Kracht', '', 36, 7),
(54, 'Staven 5', '', 0, '', 0, 'Staven5.jpg', 'Staven 5', '', 62, 7),
(55, 'The Empress', '', -1, '', -1, 'empress.jpg', 'The Empress', '', 23, 11),
(56, 'Justice', '', -1, '', -1, 'justice.jpg', 'Justice', '', 32, 11),
(57, '6 of Cups', '', -1, '', -1, 'cups_6.jpg', '6 of Cups', '', 13, 11),
(58, 'Ace of Pentacles', '', -1, '', -1, 'pent_ace.jpg', 'Ace of Pentacles', '', 37, 11),
(59, '4 of Swords', '', -1, '', -1, 'sw_4.jpg', '4 of Swords', '', 75, 11),
(60, 'Queen of Wands', '', -1, '', -1, 'wa_queen.jpg', 'Queen of Wands', '', 54, 11),
(61, 'Justice', '', -1, '', -1, 'justice.jpg', 'Justice', '', 32, 12),
(62, 'The Moon', '', -1, '', -1, 'moon.jpg', 'The Moon', '', 25, 12),
(63, 'Ace of Cups', '', -1, '', -1, 'acecups.jpg', 'Ace of Cups', '', 1, 12),
(64, 'Pentacles 5', '', -1, '', -1, 'pent5.jpg', 'Pentacles 5', '', 48, 12),
(65, '10 of Cups', '', -1, '', -1, 'cups10.jpg', '10 of Cups', '', 9, 12),
(66, 'Prince of Swords', '', -1, '', -1, 'swordsprince.jpg', 'Prince of Swords', '', 70, 12),
(67, 'The Lovers', '', -1, '', -1, 'lovers.jpg', 'The Lovers', '', 19, 13),
(68, 'The World', '', -1, '', -1, 'world.jpg', 'The World', '', 34, 13),
(69, '9 of Cups', '', -1, '', -1, 'cups9.jpg', '9 of Cups', '', 5, 13),
(70, '5 of Pentacles', '', -1, '', -1, 'pent5.jpg', '5 of Pentacles', '', 48, 13),
(71, '3 of Swords', '', -1, '', -1, 'sw3.jpg', '3 of Swords', '', 67, 13),
(72, 'Page of Staffs', '', -1, '', -1, 'stafpage.jpg', 'Page of Staffs', '', 57, 13),
(73, 'The Moon', '', -1, '', -1, 'moon.jpg', 'The Moon', '', 25, 14),
(74, 'The Priest', '', -1, '', -1, 'priest.jpg', 'The Priest', '', 20, 14),
(75, 'Ace of Coins', '', -1, '', -1, 'pent_ace.jpg', 'Ace of Coins', '', 37, 14),
(76, '3 of Swords', '', -1, '', -1, 'sw3.jpg', '3 of Swords', '', 67, 14),
(77, '9 of Cups', '', -1, '', -1, 'cups9.jpg', '9 of Cups', '', 5, 14),
(78, 'Knight of Staves', '', -1, '', -1, 'wandsknight.jpg', 'Knight of Staves', '', 56, 14),
(79, 'De Keizer', '', -1, '', -1, 'keizer.jpg', 'De Keizer', '', 22, 15),
(80, 'De Duivel', '', -1, '', -1, 'duivel.jpg', 'De Duivel', '', 16, 15),
(81, 'Zwaarden Drie', '', -1, '', -1, 'zw_drie.jpg', 'Zwaarden Drie', '', 67, 15),
(82, 'Bekers Aas', '', -1, '', -1, 'be_aas.jpg', 'Bekers Aas', '', 1, 15),
(83, 'Ruiter van Munten', '', -1, '', -1, 'pent_rid.jpg', 'Ruiter van Munten', '', 42, 15),
(84, 'Staven Zeven', '', -1, '', -1, 'sta_zeven.jpg', 'Staven Zeven', '', 64, 15),
(85, 'The Hierophant', '', -1, '', -1, 'hierophant.jpg', 'The Hierophant', '', 20, 16),
(86, 'Justice', '', -1, '', -1, 'justice.jpg', 'Justice', '', 32, 16),
(87, 'Ace of Shields', '', -1, '', -1, 'ace_pent.jpg', 'Ace of Shields', '', 37, 16),
(88, 'King of Cups', '', -1, '', -1, 'king_cups.jpg', 'King of Cups', '', 8, 16),
(89, 'Four of Spears', '', -1, '', -1, 'st_vier.jpg', 'Four of Spears', '', 61, 16),
(90, 'Seven of Swords', '', -1, '', -1, 'swords_zeven.jpg', 'Seven of Swords', '', 78, 16),
(91, 'Princess of Cups', '', -1, '', -1, 'cupsprincess.jpg', 'Princess of Cups', '', 7, 17),
(92, 'Ace of Discs', '', -1, '', -1, 'discsace.jpg', 'Ace of Discs', '', 37, 17),
(93, 'Two of Wands', '', -1, '', -1, 'wands2.jpg', 'Two of Wands', '', 60, 17),
(94, 'The Tower', '', -1, '', -1, 'tower.jpg', 'The Tower', '', 28, 17),
(95, 'Wheel of Fortune', '', -1, '', -1, 'wheeloffortune.jpg', 'Wheel of Fortune', '', 33, 17),
(96, 'Nine of Swords', '', -1, '', -1, 'swords9.jpg', 'Nine of Swords', '', 69, 17),
(97, 'Cosmos', '', -1, '', -1, 'cosmos.jpg', 'Cosmos', '', 34, 18),
(98, 'Queen of Cups', '', -1, '', -1, 'cupsqueen.jpg', 'Queen of Cups', '', 4, 18),
(99, 'Love', '', -1, '', -1, 'love.jpg', 'Love', '', 19, 18),
(100, 'Seven of Pentacles', '', -1, '', -1, 'pentacles7.jpg', 'Seven of Pentacles', '', 50, 18),
(101, 'Six of Swords', '', -1, '', -1, 'swords6.jpg', 'Six of Swords', '', 77, 18),
(102, 'Ace of Wands', '', -1, '', -1, 'wandsace.jpg', 'Ace of Wands', '', 51, 18),
(103, 'Spiral Dance', '', -1, '', -1, 'sixoffire.jpg', 'Spiral Dance', '', 63, 19),
(104, 'Feary Queen', '', -1, '', -1, 'queenofair.jpg', 'Feary Queen', '', 68, 19),
(105, 'Full Bloom', '', -1, '', -1, 'nineofearth.jpg', 'Full Bloom', '', 41, 19),
(106, 'Waterfall', '', -1, '', -1, 'nineofwater.jpg', 'Waterfall', '', 5, 19),
(107, 'Blessed Union', '', -1, '', -1, 'soulmates.jpg', 'Blessed Union', '', 19, 19),
(108, 'Wild Harvest', '', -1, '', -1, 'reaper.jpg', 'Wild Harvest', '', 20, 19),
(109, 'Schijven Aas', '', -1, '', -1, 'PentaclesAce.jpg', 'Schijven Aas', '', 37, 20),
(110, 'Zwaarden Koningin', '', -1, '', -1, 'SwordsQueen.jpg', 'Zwaarden Koningin', '', 68, 20),
(111, 'Staven Vijf', '', -1, '', -1, 'Wands5.jpg', 'Staven Vijf', '', 62, 20),
(112, 'De Magier', '', -1, '', -1, 'Magician.jpg', 'De Magier', '', 26, 20),
(113, 'De Duivel', '', -1, '', -1, 'Devil.jpg', 'De Duivel', '', 16, 20),
(114, 'Bekers 7', '', -1, '', -1, 'Cups7.jpg', 'Bekers 7', '', 14, 20),
(115, 'Bekers 4', '', -1, '', -1, 'Cups4.jpg', 'Bekers 4', '', 11, 21),
(116, 'De Wereld', '', -1, '', -1, 'Kosmos21.jpg', 'De Wereld', '', 34, 21),
(117, 'Staven Koningin', '', -1, '', -1, 'WandsHealer.jpg', 'Staven Koningin', '', 54, 21),
(118, 'Schijven Aas', '', -1, '', -1, 'Disks1.jpg', 'Schijven Aas', '', 37, 21),
(119, 'Zwaarden 4', '', -1, '', -1, 'Swords4.jpg', 'Zwaarden 4', '', 75, 21),
(120, 'De Dwaas', '', -1, '', -1, 'Fool0.jpg', 'De Dwaas', '', 17, 21),
(121, 'De Dwaas', '', 0, '0', 0, 'DeDwaas.jpg', '', '', 17, 3),
(122, 'De Magiër', '', 1, 'I', 1, 'DeMagier.jpg', '', '', 26, 3),
(123, 'De Hogepriesteres', '', 2, 'II', 2, 'DeHogepriesteres.jpg', '', '', 21, 3),
(124, 'De Keizerin', '', 3, 'III', 3, 'DeKeizerin.jpg', '', '', 23, 3),
(125, 'De Keizer', '', 4, 'IV', 4, 'DeKeizer.jpg', '', '', 22, 3),
(126, 'De Hogepriester', '', 5, 'V', 5, 'DeHogepriester.jpg', '', '', 20, 3),
(127, 'De Wagen', '', 7, 'VII', 7, 'DeWagen.jpg', '', '', 29, 3),
(128, 'Evenwicht', '', 8, 'VIII', 8, 'Evenwicht.jpg', '', '', 32, 3),
(129, 'De Kluizenaar', '', 9, 'IX', 9, 'DeKluizenaar.jpg', '', '', 24, 3),
(130, 'Geluk', '', 10, 'X', 10, 'Geluk.jpg', '', '', 33, 3),
(131, 'Lust', '', 11, 'XI', 11, 'Lust.jpg', '', '', 36, 3),
(132, 'De Gehangene', '', 12, 'XII', 12, 'DeGehangene.jpg', '', '', 18, 3),
(133, 'Dood', '', 13, 'XIII', 13, 'Dood.jpg', '', '', 31, 3),
(134, 'Kunst', '', 14, 'XIV', 14, 'Kunst.jpg', '', '', 35, 3),
(135, 'De Duivel', '', 15, 'XV', 15, 'DeDuivel.jpg', '', '', 16, 3),
(136, 'De Toren', '', 16, 'XVI', 16, 'DeToren.jpg', '', '', 28, 3),
(137, 'De Ster', '', 17, 'XVII', 17, 'DeSter.jpg', '', '', 27, 3),
(138, 'De Maan', '', 18, 'XVIII', 18, 'DeMaan.jpg', '', '', 25, 3),
(139, 'De Aeon', '', 20, 'XX', 20, 'DeAeon.jpg', '', '', 15, 3),
(140, 'Het Universum', '', 21, 'XXI', 21, 'HetUniversum.jpg', '', '', 34, 3),
(141, 'Staven Aas', '', 1, '', 22, 'StavenAas.jpg', '', '', 51, 3),
(142, 'Staven Twee', '', 2, '', 23, 'Staven2.jpg', '', '', 60, 3),
(143, 'Staven Drie', '', 3, '', 24, 'Staven3.jpg', '', '', 53, 3),
(144, 'Staven Vier', '', 4, '', 25, 'Staven4.jpg', '', '', 61, 3),
(145, 'Staven Vijf', '', 5, '', 26, 'Staven5.jpg', '', '', 62, 3),
(146, 'Staven Zes', '', 6, '', 27, 'Staven6.jpg', '', '', 63, 3),
(147, 'Staven Zeven', '', 7, '', 28, 'Staven7.jpg', '', '', 64, 3),
(148, 'Staven Acht', '', 8, '', 29, 'Staven8.jpg', '', '', 52, 3),
(149, 'Staven Negen', '', 9, '', 30, 'Staven9.jpg', '', '', 55, 3),
(150, 'Staven Tien', '', 10, '', 31, 'Staven10.jpg', '', '', 59, 3),
(151, 'Staven Prinses', '', 11, '', 32, 'StavenPrinses.jpg', '', '', 57, 3),
(152, 'Staven Prins', '', 12, '', 33, 'StavenPrins.jpg', '', '', 56, 3),
(153, 'Staven Koningin', '', 13, '', 34, 'StavenKoningin.jpg', '', '', 54, 3),
(154, 'Staven Ridder', '', 14, '', 35, 'StavenRidder.jpg', '', '', 58, 3),
(155, 'Bekers Aas', '', 1, '', 36, 'BekersAas.jpg', '', '', 1, 3),
(156, 'Bekers Twee', '', 2, '', 37, 'Bekers2.jpg', '', '', 10, 3),
(157, 'Bekers Drie', '', 3, '', 38, 'Bekers3.jpg', '', '', 3, 3),
(158, 'Bekers Vier', '', 4, '', 39, 'Bekers4.jpg', '', '', 11, 3),
(159, 'Bekers Vijf', '', 5, '', 40, 'Bekers5.jpg', '', '', 12, 3),
(160, 'Bekers Zes', '', 6, '', 41, 'Bekers6.jpg', '', '', 13, 3),
(161, 'Bekers Zeven', '', 7, '', 42, 'Bekers7.jpg', '', '', 14, 3),
(162, 'Bekers Acht', '', 8, '', 43, 'Bekers8.jpg', '', '', 2, 3),
(163, 'Bekers Negen', '', 9, '', 44, 'Bekers9.jpg', '', '', 5, 3),
(164, 'Bekers Tien', '', 10, '', 45, 'Bekers10.jpg', '', '', 9, 3),
(165, 'Bekers Prinses', '', 11, '', 46, 'BekersPrinses.jpg', '', '', 7, 3),
(166, 'Bekers Prins', '', 12, '', 47, 'BekersPrins.jpg', '', '', 6, 3),
(167, 'Bekers Koningin', '', 13, '', 48, 'BekersKoningin.jpg', '', '', 4, 3),
(168, 'Zwaarden Aas', '', 1, '', 50, 'ZwaardenAas.jpg', '', '', 65, 3),
(169, 'Zwaarden Twee', '', 2, '', 51, 'Zwaarden2.jpg', '', '', 74, 3),
(170, 'Zwaarden Drie', '', 3, '', 52, 'Zwaarden3.jpg', '', '', 67, 3),
(171, 'Zwaarden Vier', '', 4, '', 53, 'Zwaarden4.jpg', '', '', 75, 3),
(172, 'Zwaarden Vijf', '', 5, '', 54, 'Zwaarden5.jpg', '', '', 76, 3),
(173, 'Zwaarden Zes', '', 6, '', 55, 'Zwaarden6.jpg', '', '', 77, 3),
(174, 'Zwaarden Zeven', '', 7, '', 56, 'Zwaarden7.jpg', '', '', 78, 3),
(175, 'Zwaarden Acht', '', 8, '', 57, 'Zwaarden8.jpg', '', '', 66, 3),
(176, 'Zwaarden Negen', '', 9, '', 58, 'Zwaarden9.jpg', '', '', 69, 3),
(177, 'Zwaarden Tien', '', 10, '', 59, 'Zwaarden10.jpg', '', '', 73, 3),
(178, 'Zwaarden Prinses', '', 11, '', 60, 'ZwaardenPrinses.jpg', '', '', 71, 3),
(179, 'Zwaarden Prins', '', 12, '', 61, 'ZwaardenPrins.jpg', '', '', 70, 3),
(180, 'Zwaarden Koningin', '', 13, '', 62, 'ZwaardenKoningin.jpg', '', '', 68, 3),
(181, 'Zwaarden Ridder', '', 14, '', 63, 'ZwaardenRidder.jpg', '', '', 72, 3),
(182, 'Schijven Aas', '', 1, '', 64, 'SchijvenAas.jpg', '', '', 37, 3),
(183, 'Schijven Twee', '', 2, '', 65, 'Schijven2.jpg', '', '', 46, 3),
(184, 'Schijven Drie', '', 3, '', 66, 'Schijven3.jpg', '', '', 39, 3),
(185, 'Schijven Vier', '', 4, '', 67, 'Schijven4.jpg', '', '', 47, 3),
(186, 'Schijven Vijf', '', 5, '', 68, 'Schijven5.jpg', '', '', 48, 3),
(187, 'Schijven Zes', '', 6, '', 69, 'Schijven6.jpg', '', '', 49, 3),
(188, 'Schijven Zeven', '', 7, '', 70, 'Schijven7.jpg', '', '', 50, 3),
(189, 'Schijven Acht', '', 8, '', 71, 'Schijven8.jpg', '', '', 38, 3),
(190, 'Schijven Negen', '', 9, '', 72, 'Schijven9.jpg', '', '', 41, 3),
(191, 'Schijven Tien', '', 10, '', 73, 'Schijven10.jpg', '', '', 45, 3),
(192, 'Schijven Prinses', '', 11, '', 74, 'SchijvenPrinses.jpg', '', '', 43, 3),
(193, 'Schijven Prins', '', 12, '', 75, 'SchijvenPrins.jpg', '', '', 42, 3),
(194, 'Schijven Koningin', '', 13, '', 76, 'SchijvenKoningin.jpg', '', '', 40, 3),
(195, 'Schijven Ridder', '', 14, '', 77, 'SchijvenRidder.jpg', '', '', 44, 3),
(196, 'Ace of Wands', '', 1, '', 0, 'AceOfWands.jpg', '', '', 51, 22),
(197, 'The High Priestess', '', 2, 'II', 0, 'HighPriestess.jpg', '', '', 21, 22),
(198, 'Six of Pentacles', '', 6, '', 0, 'SixPentacles.jpg', '', '', 49, 22),
(199, 'Princess of Swords', '', 11, '', 0, 'SwordsPrincess.jpg', '', '', 71, 22),
(200, 'Three of Cups', '', 3, '', 0, 'ThreeOfCups.jpg', '', '', 3, 22),
(201, 'Wheel of Fortune', '', 10, 'X', 0, 'WheelOfFortune.jpg', '', '', 33, 22),
(202, 'Ace of Cups', '', 1, '', 0, 'CupsAce.jpg', '', '', 1, 23),
(203, 'The High Priest', '', 5, 'V', 0, 'HighPriest.jpg', '', '', 20, 23),
(204, 'Six of Pentacles', '', 6, '', 0, 'Pentacles6.jpg', '', '', 49, 23),
(205, 'King of Swords', '', 14, '', 0, 'SwordsKing.jpg', '', '', 72, 23),
(206, 'Temperance', '', 14, 'XIV', 0, 'Temperance.jpg', '', '', 35, 23),
(207, 'Four of Wands', '', 4, '', 0, 'Wands4.jpg', '', '', 61, 23),
(208, 'De Magiër', '', 1, 'I', 1, 'DeMagier.jpg', '', '', 26, 7),
(209, 'De Dwaas', '', 0, '0', 0, 'DeDwaas.jpg', '', '', 17, 7),
(210, 'De Hogepriesteres', '', 2, 'II', 3, 'DeHogepriesteres.jpg', '', '', 21, 7),
(211, 'De Keizerin', '', 3, 'III', 4, 'DeKeizerin.jpg', '', '', 23, 7),
(212, 'De Keizer', '', 4, 'IV', 5, 'DeKeizer.jpg', '', '', 22, 7),
(213, 'De Hogepriester', '', 5, 'V', 6, 'DeHogepriester.jpg', '', '', 20, 7),
(214, 'De Geliefden', '', 6, 'VI', 0, 'DeGeliefden.jpg', '', '', 19, 7),
(215, 'De Zegewagen', '', 7, 'VII', 0, 'DeZegewagen.jpg', '', '', 29, 7),
(216, 'De Dood', '', 13, 'XIII', 14, 'DeDood.jpg', '', '', 31, 7),
(217, 'Het Rad Van Fortuin', '', 10, 'X', 11, 'RadVanFortuin.jpg', '', '', 33, 7),
(218, 'Gerechtigheid', '', 11, 'XI', 12, 'Gerechtigheid.jpg', '', '', 32, 7),
(219, 'De Gehangene', '', 12, 'XII', 13, 'DeGehangene.jpg', '', '', 18, 7),
(220, 'Gematigdheid', '', 14, 'XIV', 15, 'Gematigdheid.jpg', '', '', 35, 7),
(221, 'De Duivel', '', 15, 'XV', 16, 'DeDuivel.jpg', '', '', 16, 7),
(222, 'De Toren', '', 16, 'XVI', 17, 'DeToren.jpg', '', '', 28, 7),
(223, 'De Ster', '', 17, 'XVII', 18, 'DeSter.jpg', '', '', 27, 7),
(224, 'De Maan', '', 18, 'XVIII', 19, 'DeMaan.jpg', '', '', 25, 7),
(225, 'De Zon', '', 19, 'XIX', 20, 'DeZon.jpg', '', '', 30, 7),
(226, 'Het Oordeel', '', 20, 'XX', 21, 'HetOordeel.jpg', '', '', 15, 7),
(227, 'De Wereld', '', 21, 'XXI', 22, 'DeWereld.jpg', '', '', 34, 7),
(228, 'Staven Aas', '', 1, '', 0, 'StavenAas.jpg', '', '', 51, 7),
(229, 'Staven Twee', '', 2, '', 0, 'Staven2.jpg', '', '', 60, 7),
(230, 'Staven Drie', '', 3, '', 0, 'Staven3.jpg', '', '', 53, 7),
(231, 'Staven Vier', '', 4, '', 0, 'Staven4.jpg', '', '', 61, 7),
(232, 'Staven Zes', '', 6, '', 0, 'Staven6.jpg', '', '', 63, 7),
(233, 'Staven Zeven', '', 7, '', 0, 'Staven7.jpg', '', '', 64, 7),
(234, 'Staven Acht', '', 8, '', 0, 'Staven8.jpg', '', '', 52, 7),
(235, 'Staven Negen', '', 9, '', 0, 'Staven9.jpg', '', '', 55, 7),
(236, 'Staven Tien', '', 10, '', 0, 'Staven10.jpg', '', '', 59, 7),
(237, 'Staven Schildknaap', '', 11, '', 0, 'StavenSchildknaap.jpg', '', '', 57, 7),
(238, 'Staven Ridder', '', 12, '', 0, 'StavenRidder.jpg', '', '', 56, 7),
(239, 'Staven Koningin', '', 13, '', 0, 'StavenKoningin.jpg', '', '', 54, 7),
(240, 'Staven Koning', '', 14, '', 0, 'StavenKoning.jpg', '', '', 58, 7),
(241, 'Bekers Aas', '', 1, '', 0, 'BekersAas.jpg', '', '', 1, 7),
(242, 'Bekers Twee', '', 2, '', 0, 'Bekers2.JPG', '', '', 10, 7),
(243, 'Bekers Drie', '', 3, '', 0, 'Bekers3.jpg', '', '', 3, 7),
(244, 'Bekers Vier', '', 4, '', 0, 'Bekers4.jpg', '', '', 11, 7),
(245, 'Bekers Vijf', '', 5, '', 0, 'Bekers5.jpg', '', '', 12, 7),
(246, 'Bekers Zes', '', 6, '', 0, 'Bekers6.jpg', '', '', 13, 7),
(247, 'Bekers Zeven', '', 7, '', 0, 'Bekers7.jpg', '', '', 14, 7),
(248, 'Bekers Acht', '', 8, '', 0, 'Bekers8.jpg', '', '', 2, 7),
(249, 'Bekers Negen', '', 9, '', 0, 'Bekers9.jpg', '', '', 5, 7),
(250, 'Bekers Tien', '', 10, '', 0, 'Bekers10.jpg', '', '', 9, 7),
(251, 'Bekers Schildknaap', '', 11, '', 0, 'BekersSchildknaap.jpg', '', '', 7, 7),
(252, 'Bekers Ridder', '', 12, '', 0, 'BekersRidder.jpg', '', '', 6, 7),
(253, 'Bekers Koningin', '', 13, '', 0, 'BekersKoningin.jpg', '', '', 4, 7),
(254, 'Bekers Koning', '', 14, '', 0, 'BekersKoning.jpg', '', '', 8, 7),
(255, 'Zwaarden Aas', '', 1, '', 0, 'ZwaardenAas.jpg', '', '', 65, 7),
(256, 'Zwaarden Twee', '', 2, '', 0, 'Zwaarden2.jpg', '', '', 74, 7),
(257, 'Zwaarden Drie', '', 3, '', 0, 'Zwaarden3.jpg', '', '', 67, 7),
(258, 'Zwaarden Vier', '', 4, '', 0, 'Zwaarden4.jpg', '', '', 75, 7),
(259, 'Zwaarden Vijf', '', 5, '', 0, 'Zwaarden5.jpg', '', '', 76, 7),
(260, 'Zwaarden Zes', '', 6, '', 0, 'Zwaarden6.jpg', '', '', 77, 7),
(261, 'Zwaarden Zeven', '', 7, '', 0, 'Zwaarden7.jpg', '', '', 78, 7),
(262, 'Zwaarden Acht', '', 8, '', 0, 'Zwaarden8.jpg', '', '', 66, 7),
(263, 'Zwaarden Negen', '', 9, '', 0, 'Zwaarden9.jpg', '', '', 69, 7),
(264, 'Zwaarden Tien', '', 10, '', 0, 'Zwaarden10.jpg', '', '', 73, 7),
(265, 'Zwaarden Schildknaap', '', 11, '', 0, 'ZwaardenSchildknaap.jpg', '', '', 71, 7),
(266, 'Zwaarden Ridder', '', 12, '', 0, 'ZwaardenRidder.jpg', '', '', 70, 7),
(267, 'Zwaarden Koningin', '', 13, '', 0, 'ZwaardenKoningin.jpg', '', '', 68, 7),
(268, 'Zwaarden Koning', '', 14, '', 0, 'ZwaardenKoning.jpg', '', '', 72, 7),
(269, 'Pentakels Aas', '', 1, '', 0, 'pentakelsAas.jpg', '', '', 37, 7),
(270, 'Pentakels Twee', '', 2, '', 0, 'pentakels2.jpg', '', '', 46, 7),
(271, 'Pentakels Drie', '', 3, '', 0, 'pentakels3.jpg', '', '', 39, 7),
(272, 'Pentakels Vier', '', 4, '', 0, 'pentakels4.jpg', '', '', 47, 7),
(273, 'Pentakels Vijf', '', 5, '', 0, 'pentakels5.jpg', '', '', 48, 7),
(274, 'Pentakels Zes', '', 6, '', 0, 'pentakels6.jpg', '', '', 49, 7),
(275, 'Pentakels Zeven', '', 7, '', 0, 'pentakels7.jpg', '', '', 50, 7),
(276, 'Pentakels Acht', '', 8, '', 0, 'pentakels8.jpg', '', '', 38, 7),
(277, 'Pentakels Tien', '', 10, '', 0, 'pentakels10.jpg', '', '', 45, 7),
(278, 'Pentakels Schildknaap', '', 11, '', 0, 'pentakelsSchildknaap.jpg', '', '', 43, 7),
(279, 'Pentakels Negen', '', 9, '', 0, 'pentakels9.jpg', '', '', 41, 7),
(280, 'Pentakels Ridder', '', 12, '', 0, 'pentakelsRidder.jpg', '', '', 42, 7),
(281, 'Pentakels Koningin', '', 13, '', 0, 'pentakelsKoningin.jpg', '', '', 40, 7),
(282, 'Pentakels Koning', '', 14, '', 0, 'pentakelsKoning.jpg', '', '', 44, 7),
(283, 'Twee van Staven', '', 2, '', 0, 'staven2.jpg', '', '', 60, 24),
(284, 'Aas van Bokalen', '', 1, '', 0, 'bokalen_aas.jpg', '', '', 1, 24),
(285, 'Zeven van Zwaarden', '', 7, '', 0, 'zwaarden7.jpg', '', '', 78, 24),
(286, 'Prinses van Pentagrammen', '', 11, '', 0, 'pentagrammen_princes.jpg', '', '', 43, 24),
(287, 'De Vrouwe', '', 3, 'III', 0, 'de_vrouwe.jpg', '', '', 23, 24),
(288, 'Het Wiel', '', 10, 'X', 0, 'het_wiel.jpg', '', '', 33, 24),
(289, 'Ace of Cups', '', 0, '', 0, 'ace_cups.jpg', '', '', 1, 25),
(290, 'The Devil', '', 15, 'XV', 0, 'devil.jpg', '', '', 16, 25),
(291, 'Knight of Rods', '', 12, '', 0, 'rods_knight.jpg', '', '', 56, 25),
(292, 'The Hierophant', '', 5, 'V', 0, 'hierophant.jpg', '', '', 20, 25),
(293, 'Nine of Pentacles', '', 9, '', 0, 'pentacles_9.jpg', '', '', 41, 25),
(294, 'Six of Swords', '', 6, '', 0, 'swords_6.jpg', '', '', 77, 25),
(295, 'Knight of Swords', '', 12, '', 0, 'swords_knight.jpg', '', '', 70, 26),
(296, 'The Hanging Man', '', 12, 'XII', 0, 'hanging_man.jpg', '', '', 18, 26),
(297, 'The Emperor', '', 4, 'IV', 0, 'emperor.jpg', '', '', 22, 26),
(298, 'King of Pentacles', '', 14, '', 0, 'pentacles_king.jpg', '', '', 44, 26),
(299, 'Three of Wands', '', 3, '', 0, 'wands_3.jpg', '', '', 53, 26),
(300, 'Seven of Cups', '', 7, '', 0, 'cups_7.jpg', '', '', 14, 26),
(301, 'Ace of Swords', '', 0, '', 0, 'swords_ace.jpg', '', '', 65, 26),
(302, 'Sorceres', '', 2, 'II', 0, '2sorceres.jpg', '', '', 21, 27),
(303, 'The Circle', '', 10, 'X', 0, '10circle.jpg', '', '', 33, 27),
(304, 'Lovers', '', 6, 'VI', 0, '6lovers.jpg', '', '', 19, 27),
(305, 'Sacred Flame', '', 1, '', 0, 's1sacredflame.jpg', '', '', 65, 27),
(306, 'Godess of Air', '', 0, '', 0, 'w14godessofair.jpg', '', '', 58, 27),
(307, 'Loneliness', '', 0, '', 0, 'p5loneliness.jpg', '', '', 48, 27),
(308, 'Abundance', '', 0, '', 0, 'c3abundance.jpg', '', '', 3, 27),
(309, 'The Tower', '', 16, 'XVI', 0, 'tower.jpg', '', '', 28, 28),
(310, 'Princess of Wands', '', 11, '', 0, 'wands_princess.jpg', '', '', 57, 28),
(311, 'Ace of Cups', '', 1, '', 0, 'cups_ace.jpg', '', '', 1, 28),
(312, 'Science', '', 6, '', 0, 'swords_6.jpg', '', '', 77, 28),
(313, 'Change', '', 2, '', 0, 'pentacles_2.jpg', '', '', 46, 28),
(314, 'Wands 1', '', 1, '', 0, 'WANDS1.jpg', '', '', 51, 29),
(315, 'Wands 2', '', 2, '', 0, 'WANDS2.jpg', '', '', 60, 29),
(316, 'Wands 3', '', 3, '', 0, 'WANDS3.jpg', '', '', 53, 29),
(317, 'Wands 4', '', 4, '', 0, 'WANDS4.jpg', '', '', 61, 29),
(318, 'Wands 5', '', 5, '', 0, 'WANDS5.jpg', '', '', 62, 29),
(319, 'Wands 6', '', 6, '', 0, 'WANDS6.jpg', '', '', 63, 29),
(320, 'Wands 7', '', 7, '', 0, 'WANDS7.jpg', '', '', 64, 29),
(321, 'Wands 8', '', 8, '', 0, 'WANDS8.jpg', '', '', 52, 29),
(322, 'Wands 9', '', 9, '', 0, 'WANDS9.jpg', '', '', 55, 29),
(323, 'Wands 10', '', 10, '', 0, 'WANDS10.jpg', '', '', 59, 29),
(324, 'Wands 11', '', 11, '', 0, 'WANDS11.jpg', '', '', 57, 29),
(325, 'Wands 12', '', 12, '', 0, 'WANDS12.jpg', '', '', 56, 29),
(326, 'Wands 13', '', 13, '', 0, 'WANDS13.jpg', '', '', 54, 29),
(327, 'Wands 14', '', 14, '', 0, 'WANDS14.jpg', '', '', 58, 29),
(328, 'Cups 1', '', 1, '', 0, 'CUPS1.jpg', '', '', 1, 29),
(329, 'Cups 2', '', 2, '', 0, 'CUPS2.jpg', '', '', 10, 29),
(330, 'Cups 3', '', 3, '', 0, 'CUPS3.jpg', '', '', 3, 29),
(331, 'Cups 4', '', 4, '', 0, 'CUPS4.jpg', '', '', 11, 29),
(332, 'Cups 5', '', 5, '', 0, 'CUPS5.jpg', '', '', 12, 29),
(333, 'Cups 6', '', 6, '', 0, 'CUPS6.jpg', '', '', 13, 29),
(334, 'Cups 7', '', 7, '', 0, 'CUPS7.jpg', '', '', 14, 29),
(335, 'Cups 8', '', 8, '', 0, 'CUPS8.jpg', '', '', 2, 29),
(336, 'Cups 9', '', 9, '', 0, 'CUPS9.jpg', '', '', 5, 29),
(337, 'Cups 10', '', 10, '', 0, 'CUPS10.jpg', '', '', 9, 29),
(338, 'Cups 11', '', 11, '', 0, 'CUPS11.jpg', '', '', 7, 29),
(339, 'Cups 12', '', 12, '', 0, 'CUPS12.jpg', '', '', 6, 29),
(340, 'Cups 13', '', 13, '', 0, 'CUPS13.jpg', '', '', 4, 29),
(341, 'Cups 14', '', 14, '', 0, 'CUPS14.jpg', '', '', 8, 29),
(342, 'Swords 1', '', 1, '', 0, 'SWORDS1.jpg', '', '', 65, 29),
(343, 'Swords 2', '', 2, '', 0, 'SWORDS2.jpg', '', '', 74, 29),
(344, 'Swords 3', '', 3, '', 0, 'SWORDS3.jpg', '', '', 67, 29),
(345, 'Swords 4', '', 4, '', 0, 'SWORDS4.jpg', '', '', 75, 29),
(346, 'Swords 5', '', 5, '', 0, 'SWORDS5.jpg', '', '', 76, 29),
(347, 'Swords 6', '', 6, '', 0, 'SWORDS6.jpg', '', '', 77, 29),
(348, 'Swords 7', '', 7, '', 0, 'SWORDS7.jpg', '', '', 78, 29),
(349, 'Swords 8', '', 8, '', 0, 'SWORDS8.jpg', '', '', 66, 29),
(350, 'Swords 9', '', 9, '', 0, 'SWORDS9.jpg', '', '', 69, 29),
(351, 'Swords 10', '', 10, '', 0, 'SWORDS10.jpg', '', '', 73, 29),
(352, 'Swords 11', '', 11, '', 0, 'SWORDS11.jpg', '', '', 71, 29),
(353, 'Swords 12', '', 12, '', 0, 'SWORDS12.jpg', '', '', 70, 29),
(354, 'Swords 13', '', 13, '', 0, 'SWORDS13.jpg', '', '', 68, 29),
(355, 'Swords 14', '', 14, '', 0, 'SWORDS14.jpg', '', '', 72, 29),
(356, 'Coins 1', '', 1, '', 0, 'COINS1.jpg', '', '', 37, 29),
(357, 'Coins 2', '', 2, '', 0, 'COINS2.jpg', '', '', 46, 29),
(358, 'Coins 3', '', 3, '', 0, 'COINS3.jpg', '', '', 39, 29),
(359, 'Coins 4', '', 4, '', 0, 'COINS4.jpg', '', '', 47, 29),
(360, 'Coins 5', '', 5, '', 0, 'COINS5.jpg', '', '', 48, 29),
(361, 'Coins 6', '', 6, '', 0, 'COINS6.jpg', '', '', 49, 29),
(362, 'Coins 7', '', 7, '', 0, 'COINS7.jpg', '', '', 50, 29),
(363, 'Coins 8', '', 8, '', 0, 'COINS8.jpg', '', '', 38, 29),
(364, 'Coins 9', '', 9, '', 0, 'COINS9.jpg', '', '', 41, 29),
(365, 'Coins 10', '', 10, '', 0, 'COINS10.jpg', '', '', 45, 29),
(366, 'Coins 11', '', 11, '', 0, 'COINS11.jpg', '', '', 43, 29),
(367, 'Coins 12', '', 12, '', 0, 'COINS12.jpg', '', '', 42, 29),
(368, 'Coins 13', '', 13, '', 0, 'COINS13.jpg', '', '', 40, 29),
(369, 'Coins 14', '', 14, '', 0, 'COINS14.jpg', '', '', 44, 29),
(370, 'Wheel', '', 10, 'X', 0, '10WHEEL.jpg', '', '', 33, 29),
(371, 'Justice', '', 11, 'XI', 0, '11JUSTICE.jpg', '', '', 32, 29),
(372, 'Hanging Man', '', 12, 'XII', 0, '12HANGING MAN.jpg', '', '', 18, 29),
(373, 'Death', '', 13, 'XIII', 0, '13DEATH.jpg', '', '', 31, 29),
(374, 'Temperance', '', 14, 'XIV', 0, '14TEMPERANCE.jpg', '', '', 35, 29),
(375, 'Devil', '', 15, 'XV', 0, '15DEVIL.jpg', '', '', 16, 29),
(376, 'Tower', '', 16, 'XVI', 0, '16TOWER.jpg', '', '', 28, 29),
(377, 'Star', '', 17, 'XVII', 0, '17STAR.jpg', '', '', 27, 29),
(378, 'Moon', '', 18, 'XVIII', 0, '18MOON.jpg', '', '', 25, 29),
(379, 'Sun', '', 19, 'XIX', 0, '19SUN.jpg', '', '', 30, 29),
(380, 'Judgement', '', 20, 'XX', 0, '20JUDGEMENT.jpg', '', '', 15, 29),
(381, 'World', '', 21, 'XXI', 0, '21WORLD.jpg', '', '', 34, 29),
(382, 'The Hermit', '', 9, '', 0, 'hermit.jpg', '', '', 24, 28),
(383, 'Fool', '', 0, '0', 0, '00FOOL.jpg', '', '', 17, 29),
(384, 'Magician', '', 1, 'I', 0, '01MAGICIAN.jpg', '', '', 26, 29),
(385, 'High Priestess', '', 2, 'II', 0, '02HIGHPRIESTESS.jpg', '', '', 21, 29),
(386, 'Empress', '', 3, 'III', 0, '03EMPRESS.jpg', '', '', 23, 29),
(387, 'Emperor', '', 4, 'IV', 0, '04EMPEROR.jpg', '', '', 22, 29),
(388, 'Faith', '', 5, 'V', 0, '05FAITH.jpg', '', '', 20, 29),
(389, 'Lovers', '', 6, 'VI', 0, '06LOVERS.jpg', '', '', 19, 29),
(390, 'Chariot', '', 7, 'VII', 0, '07CHARIOT.jpg', '', '', 29, 29),
(391, 'Strength', '', 8, 'VIII', 0, '08STRENGTH.jpg', '', '', 36, 29),
(392, 'Hermit', '', 9, 'IX', 0, '09HERMIT.jpg', '', '', 24, 29);

-- --------------------------------------------------------

--
-- Table structure for table `tarotdeck`
--

CREATE TABLE IF NOT EXISTS `tarotdeck` (
  `id` int(11) NOT NULL AUTO_INCREMENT,
  `name` varchar(255) DEFAULT NULL,
  `author` varchar(255) DEFAULT NULL,
  `imageback` varchar(255) DEFAULT 'Back of tarotcards',
  `description` text,
  `isbn` varchar(20) DEFAULT NULL,
  `imagesfolder` varchar(45) DEFAULT NULL,
  PRIMARY KEY (`id`)
) ENGINE=InnoDB  DEFAULT CHARSET=latin1 AUTO_INCREMENT=30 ;

--
-- Dumping data for table `tarotdeck`
--

INSERT INTO `tarotdeck` (`id`, `name`, `author`, `imageback`, `description`, `isbn`, `imagesfolder`) VALUES
(1, 'Haindl Tarot', 'Hermann Haindl', '', '', '0880794658', 'haindl'),
(2, 'Celtic Dragon Tarot', 'D.J. Conway & Lisa Hunt', '', '', '1567181821', 'celtdragon'),
(3, 'Crowley Tarot', 'Aleister Crowley & Lady Frieda Harris', 'crowley_back.jpg', '', '9073140285', 'crowley'),
(4, 'Fairy Tarots', 'Antonio Lupatelli', '', '', '0738700061', 'fairytarots'),
(5, 'H.R. Giger Tarot', 'Akron & H.R. Giger', '', '', '3822858501', 'giger'),
(6, 'Osho Zen Tarot', 'Ma Deva Padma (Susan Morgan)', '', '', '0752216384', 'osho'),
(7, 'Rider-Waite Tarot', 'Arhur E. Waite & Pamela Smith', 'waite_back.jpg', '', '907314017X', 'waite'),
(8, 'Russian Tarot of St. Petersburg', 'Yury Shakov', '', '', '0880791969', 'russian'),
(9, 'Sacred Circle Tarot', 'Anna Franklin & Paul Mason', '', '', '156718457X', 'sacrcircle'),
(10, 'Dragon Tarot', 'Peter Pracownik', '', '', '0880791829', 'dragon'),
(11, 'Adrian Tarot', 'Adrian B. Koehli', '', '', '1572810564', 'adrian'),
(12, 'Gendron Tarot', 'Melanie Gendron', '', '', '1572810653', 'gendron'),
(13, 'Tarot of a Moon Garden', 'Karen Marie Sweikhardt', '', '', '1572810955', 'moongarden'),
(14, 'Art Nouveau Tarot', 'Matt Myers', '', '', '0880793759', 'artnouveau'),
(15, 'Tarok van de Herleving', 'Onbekend', '', '', '', 'herleving'),
(16, 'The Arthurian Tarot', 'Anna-Marie Ferguson', '', '', '', 'arthurian'),
(17, 'The Norse Tarot', 'Clive Barrett', '', '', '', 'norse'),
(18, 'The Pythagorean Tarot', 'John Opsopaus', '', '', '1567184499', 'pyth'),
(19, 'Waking of the Wild Spirit Tarot', 'Poppy Palin', '', '', '', 'wildspirit'),
(20, 'Fey Tarot', 'Riccardo Minetti en Mara Aghem', '', '', '0738702803', 'fey'),
(21, 'The Tarot of Transformation', 'Willow Arlenea en Jasmin Lee Cori', '', '', '1578632390', 'transformation'),
(22, 'Cosmic Tarot', 'Norbert Losche', '', '', '0880791837', 'cosmic'),
(23, 'Herbal Tarot', 'Michael Tierra & Candis Cantin', 'herbal_back.jpg', '', '0880793325', 'herbal'),
(24, 'De Tarot van de Druïden', 'Philip en Stephanie Carr-Gomm', 'druiden_back.jpg', '', '9069636360', 'druiden'),
(25, 'Whimsical Tarot', 'Mary Hanson-Roberts en Dorothy Morrison', 'whimsical_back.jpg', '', '1572812532', 'whimsical'),
(26, 'The Gilded Tarot', 'Ciro Marchetti en Barbara Moore', 'gilded_back.jpg', '', '0738705209', 'gilded'),
(27, 'Shapeshifter Tarot', 'D.J.Conway en Sirona Knight', 'shapeshifter_back.jpg', '', '1567183840', 'shapeshifter'),
(28, 'Röhrig Tarot', 'Carl W. Rohrig', 'rohrig_back.jpg', '', '1885394', 'rohrig'),
(29, 'Tarot of Dreams', 'Ciro Marchetti', '', '', '', 'tarotofdreams');

-- --------------------------------------------------------

--
-- Table structure for table `tarotelement`
--

CREATE TABLE IF NOT EXISTS `tarotelement` (
  `id` int(11) NOT NULL AUTO_INCREMENT,
  `name` varchar(100) DEFAULT NULL,
  PRIMARY KEY (`id`),
  UNIQUE KEY `name_UNIQUE` (`name`)
) ENGINE=InnoDB  DEFAULT CHARSET=latin1 AUTO_INCREMENT=6 ;

--
-- Dumping data for table `tarotelement`
--

INSERT INTO `tarotelement` (`id`, `name`) VALUES
(2, 'Bekers'),
(1, 'Grote Arcana'),
(5, 'Pentakels'),
(4, 'Staven'),
(3, 'Zwaarden');

-- --------------------------------------------------------

--
-- Table structure for table `tarotspread`
--

CREATE TABLE IF NOT EXISTS `tarotspread` (
  `id` int(11) NOT NULL AUTO_INCREMENT,
  `name` varchar(100) DEFAULT NULL,
  `totalcards` int(11) DEFAULT NULL,
  `summary` varchar(250) DEFAULT NULL,
  `level` int(11) DEFAULT NULL,
  `question` varchar(250) DEFAULT NULL,
  `description` text,
  `image` varchar(250) DEFAULT NULL,
  `width` int(11) DEFAULT NULL,
  `visitorcount` int(11) DEFAULT NULL,
  PRIMARY KEY (`id`),
  UNIQUE KEY `name_UNIQUE` (`name`)
) ENGINE=InnoDB  DEFAULT CHARSET=latin1 AUTO_INCREMENT=45 ;

--
-- Dumping data for table `tarotspread`
--

INSERT INTO `tarotspread` (`id`, `name`, `totalcards`, `summary`, `level`, `question`, `description`, `image`, `width`, `visitorcount`) VALUES
(1, 'Ankh', 9, 'Oorzaken, achtergronden, perspectieven', 4, 'Wat is de oorzaak/reden van mijn problemen en wat zijn mijn vooruitzichten?', 'Gebaseerd op het legpatroon de "Ankh" uit het oude Egypte.', 'Ankh.gif', 310, 19464),
(2, 'Astrologische Kring', 12, 'Uitgebreide beschrijving van het heden en andere perspectieven', 4, 'Waar sta ik?', '', 'AstrologischeKring.gif', 736, 19020),
(3, 'Beslissingsspel', 7, 'Kiezen uit twee mogelijkheden, hulp bij nemen van beslissingen', 2, 'Wat moet ik besluiten?', 'Verschaft duidelijkheid inzake te nemen beslissingen.', 'Beslissingsspel.gif', 418, 40942),
(4, 'Blinde Vlek', 4, 'Zelfkennis', 3, 'Geen vragen nodig.', 'Informatie over hoe onze waarneming van onszelf verschilt van de manier waarop anderen ons zien.', 'BlindeVlek.gif', 224, 46267),
(5, 'Blokkade', 5, 'Dingen die dwars zitten', 2, 'Wat zit mij in de weg?', '', 'Blokkade.gif', 471, 39779),
(6, 'Dagkaart', 1, 'De tendens van de dag', 0, 'Hoe sta ik er vandaag voor?', '', 'Dagkaart.gif', 97, 167964),
(7, 'Dagkaarten', 2, 'De tendens van de dag', 0, 'Hoe staat mijn dag ervoor?', '', 'Dagkaarten.gif', 204, 38607),
(8, 'De Deur', 11, 'Beeldende beschrijving van een drempel die moet worden overschreden', 4, 'Wat staat mij te wachten?', '', 'Deur.gif', 485, 26297),
(9, 'De Volgende Stap', 4, 'Wat vervolgens te doen', 1, 'Wat is mijn volgende Stap?', '', 'Tendens&Perspectieven.gif', 291, 95843),
(10, 'De Weg', 7, 'De Beste handelswijze om een doel te bereiken', 3, 'Hoe moet ik me gedragen? Wat kan ik doen?', '', 'Weg.gif', 351, 66833),
(11, 'Differentiatie / De Moedige Sprong', 8, 'De Moedige Sprong Daden', 1, 'Hoe kom ik verder?', '', 'Differentiatie.gif', 525, 15696),
(12, 'Droomdoel', 6, 'Doelen', 1, 'Wat moet ik doen om mijn doel te bereiken?', '', 'Droomdoel.gif', 351, 24335),
(13, 'Geheim van de Hogepriesteres', 9, 'Het verloop van een proces en de verborgen betekenis ervan', 3, 'Hoe ontwikkeld mijn plan zich? Hoe gaat het verder?', 'Gebaseerd op kaart De Hogepriesteres van de Raider-Waite. \r\nGeeft informatie over de verwachten trend/achtergrond. Kan tevens antwoord geven op vragen die met "Waarom" beginnen.', 'Hogepriesteres.gif', 364, 83532),
(14, 'Geven en Nemen', 14, 'Geven en Nemen in Relatie', 1, 'Wat heb ik nodig?', '', 'GevenEnNemen.gif', 739, 32546),
(15, 'Gevolgen', 7, 'Gevolgen', 3, 'Wat is het gevolg van de Situatie waarin ik me op dit moment in bevind?', '', 'Gevolgen.gif', 311, 21906),
(16, 'Graal', 7, 'Accepteren van gebeurtenissen', 2, 'Wat moet ik doen om mijn verleden te accepteren?', '', 'Graal.gif', 525, 19132),
(17, 'Hexagramlegging', 7, 'Positieve en negatieve invloeden', 1, 'Welke positieve en negatieve invloeden hebben invloed op mij?', '', 'Hexagramlegging.gif', 311, 9710),
(18, 'Inventaris', 9, 'Vragen over Verleden - Heden - Toekomst', 1, 'Vragen over verleden, heden en toekomst', '', 'Inventaris.gif', 351, 44081),
(19, 'Jaarkaart', 1, 'Themiek van komende jaar', 0, 'Hoe sta ik er dit jaar voor?', '', 'Dagkaart.gif', 97, 64408),
(20, 'Jung', 7, 'Openbaring van de Vader, Moeder en Kind in ons', 2, 'Wat willen we in dit leven bereiken?', '', 'Jung.gif', 418, 6261),
(21, 'Keltisch Kruis / Zonnekruis', 10, 'Voor alle vragen geschikt', 2, 'Geschikt voor iedere vraagstelling. Algemeen.', 'Keltisch Kruis is een universeel legpatroon dat geschikt is voor elke vraagsteling.', 'KeltischKruis.gif', 578, 163235),
(22, 'Keuzevragen', 5, 'Keuze die genomen moet worden', 2, 'Wat zijn de positieve en negatieve punten bij mijn keuze?', '', 'Keuzevragen.gif', 291, 17631),
(23, 'Levensboom / Kabbala', 10, 'Situatie vertaalt vanuit de Kabbala', 3, 'Geschikt voor iedere vraagstelling. Algemeen.', 'Dit legpatroon wordt vertaald met behulp van de leer van de Kabbala.', 'Levensboom.gif', 311, 9755),
(24, 'Numerologie', 9, 'Situatie bekeken vanuit de Numerologie', 3, 'Nvt', 'Geeft een overzicht van de Situatie bekeken vanuit de Numerologie.', 'Numerologie.gif', 525, 11043),
(25, 'Partnerspel', 6, 'Hoe partners tegenover elkaar staan', 1, 'Hoe staat mijn relatie ervoor?', 'Geeft informatie over een relatie hoe twee mensen ten opzichte van elkaar staan. Beide partners trekken tegelijkertijd elk 3 kaarten uit de Grote Arcana', 'Partnerspel.gif', 291, 58481),
(26, 'Pentagram', 5, 'Vragen over uitgangsposities', 1, 'Waar wil ik naartoe?', '', 'Pentagram.gif', 679, 6066),
(27, 'Piramide', 7, 'Overwinnen van situaties', 2, 'Wat moet ik doen aan de situatie?', '', 'Piramide.gif', 418, 9716),
(28, 'Planningsspel', 5, 'De beste aanpak om een doel te bereiken', 1, 'Hoe bereik ik mijn doel?', '', 'Planningsspel.gif', 291, 12525),
(29, 'Pro en Contra', 2, 'Hulp om snel te beslissen', 1, 'Wat zijn de voor- en nadelen?', '', 'Dagkaarten.gif', 204, 36005),
(30, 'Relatiespel', 7, 'De actuele relatie tussen twee mensen', 2, 'Hoe staat mijn relatie ervoor?', 'Geeft informatie over een relatie hoe twee mensen ten opzichte van elkaar staan.', 'Relatiespel.gif', 311, 195133),
(31, 'Ronde Legging', 13, 'Themiek van het jaar', 3, 'Hoe sta ik er dit jaar voor?', '', 'RondeLegging.gif', 739, 26708),
(32, 'Simpele Trekking', 3, 'Vragen over Verleden - Heden - Toekomst', 0, 'Vragen over verleden, heden en toekomst', '', 'SimpeleTrekking.gif', 311, 79411),
(33, 'Ster', 5, 'Positie ten opzichte van sterke en zwakke punten', 1, 'Wat zijn mijn sterke en zwakke punten?', '', 'Ster.gif', 351, 7732),
(34, 'Tarotmagie', 2, 'Bewuste en onbewuste instellingen', 1, 'Hoe relateren mijn bewuste- en onbewuste instelling met elkaar?', '', 'Tarotmagie.gif', 204, 25083),
(35, 'Tendens en Perspectieven / Kruis', 4, 'Beoordeling van een situatie, voorstel en prognose', 1, 'Hoe moet ik mij gedragen?', '', 'Tendens&Perspectieven.gif', 291, 41279),
(36, 'Toppunt van Geluk', 6, 'Geluk en Keuzes', 1, 'Wordt ik gelukkig als ik deze keuze neem?', '', 'ToppuntGeluk.gif', 311, 39874),
(37, 'Toverspreuk van de Zigeuner', 7, 'Levensverwachtingen', 2, 'Hoe staat mijn leven ervoor?', '', 'ToverspreukZigeuner.gif', 739, 44056),
(38, 'Trend', 4, 'Vragen over trend', 1, 'Wat kan ik en wat wil ik?', '', 'Trend.gif', 418, 9953),
(39, 'Uitgebreid Keltisch Kruis / Uitgebreid Zonnekruis', 13, 'Voor alle vragen geschikt', 3, 'Geschikt voor iedere vraagstelling. Algemeen.', 'Keltisch Kruis is een universeel legpatroon dat geschikt is voor elke vraagsteling.', 'UitgebreidKeltischKruis.gif', 739, 39911),
(40, 'Uitgebreide Dagkaart', 3, 'De tendens van de dag', 0, 'Hoe staat mijn dag ervoor?', '', 'UitgebreideDagkaart.gif', 311, 118268),
(41, 'Vervulling van wensen', 5, 'Wensen', 1, 'Wat moet ik doen om mijn wens uit te laten komen?', '', 'VervullingWensen.gif', 525, 50389),
(42, 'Weg van de Oplossing', 9, 'Oplossingen', 3, 'Hoe vind ik de oplossing?', '', 'WegOplossing.gif', 311, 13640),
(43, 'Werkcyclus', 9, 'Werk', 2, 'Wat verwacht ik van mijn werk?', '', 'Werkcyclus.gif', 739, 17733),
(44, 'Zwaard', 7, 'Overtuigingskracht/\r\nUitganspositie', 3, 'Wat is mijn uitgangspunt?', '', 'Zwaard.gif', 505, 5853);

-- --------------------------------------------------------

--
-- Table structure for table `tarotspreadposition`
--

CREATE TABLE IF NOT EXISTS `tarotspreadposition` (
  `id` int(11) NOT NULL AUTO_INCREMENT,
  `tarotspread` int(11) NOT NULL,
  `description` text,
  `positionnumber` int(11) DEFAULT NULL,
  `positionname` varchar(45) DEFAULT NULL,
  `xpos` int(11) DEFAULT NULL,
  `ypos` int(11) DEFAULT NULL,
  `rotation` int(11) DEFAULT NULL,
  PRIMARY KEY (`id`,`tarotspread`),
  KEY `fk_tarotspreadposition_tarotspread1` (`tarotspread`)
) ENGINE=InnoDB  DEFAULT CHARSET=latin1 AUTO_INCREMENT=294 ;

--
-- Dumping data for table `tarotspreadposition`
--

INSERT INTO `tarotspreadposition` (`id`, `tarotspread`, `description`, `positionnumber`, `positionname`, `xpos`, `ypos`, `rotation`) VALUES
(1, 1, 'Eerste huidige impuls.\r\nEnergieën of houdingen die geblokkeerd zijn.', 1, '1', 0, 420, 270),
(2, 1, 'Tweede huidige impuls.\r\nEnergieën of houdingen die geblokkeerd zijn.', 2, '2', 160, 420, 90),
(3, 1, 'Oorzaken in het verleden.', 3, '3', 0, 120, 0),
(4, 1, 'Directe oorzaak.', 4, '4', 213, 120, 0),
(5, 1, 'Hoger inzicht.', 5, '5', 105, 0, 0),
(6, 1, 'Noodzakelijke conclusies.', 6, '6', 105, 240, 0),
(7, 1, 'De volgende stap.', 7, '7', 105, 547, 0),
(8, 1, 'Verrassende ervaringen.', 8, '8', 105, 727, 0),
(9, 1, 'Het resultaat.', 9, '9', 105, 907, 0),
(10, 2, 'Zelfbeeld.\r\nDe grondstemming; hoe je je voelt en wat je aan de buitenwereld laat zien; hoe je op grond van je geestelijke en intellectuele begaafdheid vraagstukken aanpakt.', 1, '1', 0, 270, 0),
(11, 2, 'Financiën.\r\nMateriële zekerheid, omgaan met geld en goederen; bezitdrang.', 2, '2', 107, 360, 0),
(12, 2, 'Het Dagelijkse Leven.\r\nManier van denken; geestelijke ontwikkeling, kennis tot je nemen. Hoe geef je gestalte aan de allerdaagse werkelijkheid?', 3, '3', 214, 450, 0),
(13, 2, 'Het Huiselijke Leven.\r\nHiermee wordt de plek bedoeld waar je je thuis en geborgen voelt, waar je wortels liggen; eigen huis; ouderlijk huis; land en traditie.', 4, '4', 321, 560, 0),
(14, 2, 'Het Uiterlijk Leven.\r\nAlles wat vreugde geeft; genoegens; het spel met jezelf en anderen, met de liefde, met geld; creativiteit, kunstzinnige bezigheden.', 5, '5', 428, 450, 0),
(15, 2, 'Het Werk.\r\nHoe je je dagelijks brood verdient; taakstelling en het volbrengen hiervan; taakomschrijving en -methodiek; omgang met collega''s; ondergeschikten en meerderen; bewustzijn van je eigen plek en de houding die hierbij past in de maatschappij.', 6, '6', 535, 360, 0),
(16, 2, 'De Relatie. \r\nHet huwelijk en andere officiële banden; je eigen houding in een relatie; scheidingen; vijandschap en processen.', 7, '7', 642, 270, 0),
(17, 2, 'Het Diepzinnige. \r\nWat is het doel van het leven, het toeval, de dood, de seksualiteit; alle taboes en hun overschrijdingen; buitenzintuiglijke vermogens.', 8, '8', 535, 180, 0),
(18, 2, 'Het Weten. \r\nHet willen begrijpen; verruimen van je persoonlijke horizon; je wereldbeeld; inzicht en begrip; openheid; morele en religieuze overtuiging.', 9, '9', 428, 90, 0),
(19, 2, 'De Roeping. \r\nJe levensdoel; je carrière; talenten en vermogens; succes en waardering; je eigen principes.', 10, '10', 321, 0, 0),
(20, 2, 'De Vrienden. \r\nErvaringen in je vriendenkring; vruchtbare maar ook belastende vriendschappen; gastvrijheid; intriges.', 11, '11', 214, 90, 0),
(21, 2, 'Het Geheim. \r\nDiepe angsten en verlangens; diep verdrongen gevoelens; de weg naar je innerlijke; je eigen grenzen voelen; beproeving; gedwongen rust; het onverklaarbare.', 12, '12', 107, 180, 0),
(22, 3, 'Tweede advies met betrekking tot keuze A', 1, '1', 214, 90, 0),
(23, 3, 'Tweede advies met betrekking tot keuze B', 2, '2', 214, 450, 0),
(24, 3, 'Eerste advies met betrekking tot keuze A', 3, '3', 107, 180, 0),
(25, 3, 'Eerste advies met betrekking tot keuze B', 4, '4', 107, 360, 0),
(26, 3, 'Derde advies met betrekking tot keuze A', 5, '5', 321, 0, 0),
(27, 3, 'Derde advies met betrekking tot keuze B', 6, '6', 321, 560, 0),
(28, 3, 'De significator. Stelt de achtergrond van de vraag/probleem/besluit voor. Tevens stelt deze kaart voor hoe de vraagsteller ten opzichte van het thema staat.', 7, '7', 0, 270, 0),
(29, 4, 'Gelijke identiteit. Op het thematische gebied van de kaart nemen we onszelf op dezelfde wijze waar zoals anderen ons zien.', 1, '1', 0, 0, 0),
(30, 4, 'De grote onbekende. Onbewuste processen en onbewust stuwende krachten, die actief zijn zonder dat we zelf of anderen het in de gaten hebben.', 2, '2', 127, 0, 0),
(31, 4, 'De schaduw, het verborgene. Kanten van ons wezen die we weliswaar kennen, maar voor anderen verborgen houden.', 3, '3', 0, 180, 0),
(32, 4, 'De blinde vlek. Gedragswijzen die anderen van ons waarnemen, maar die we zelf niet beseffen.', 4, '4', 127, 180, 0),
(33, 5, 'Het thema.\r\nWaar gaat het om?', 1, '1', 107, 150, 0),
(34, 5, 'De blokkade.\r\nDit houdt mij tegen; dit houdt mij gevangen; dit staat mij in de weg.', 2, '2', 214, 173, 270),
(35, 5, 'Het onbewuste niveau.\r\nMijn gevoel, wat ik diep van binnen voel of gewaar wordt.', 3, '3', 0, 0, 0),
(36, 5, 'Het bewuste niveau.\r\nWat duidelijk voor mij is en wat ik bewust waarneem.', 4, '4', 374, 0, 0),
(37, 5, 'De stap om de blokkade te overwinnen.', 5, '5', 187, 330, 0),
(38, 6, 'Geeft informatie over dag.', 1, '1', 0, 0, 0),
(39, 7, 'Geeft informatie over de dag.', 1, '1', 0, 0, 0),
(40, 7, 'Geeft informatie over de dag.', 2, '2', 107, 0, 0),
(41, 8, 'De naam van de deur. Daarom gaat het', 1, '1', 194, 0, 0),
(42, 8, 'Het sleutelgat. Een eerst idee dat achter de deur ligt', 2, '2', 0, 270, 0),
(43, 8, 'Het slot. Het houdt de deur tot nu toe gesloten', 3, '3', 0, 90, 0),
(44, 8, 'De knop. Die heeft men nodig om de deur te openen', 4, '4', 0, 450, 0),
(45, 8, 'Dat leidt tot de deur', 5, '5', 0, 630, 0),
(46, 8, 'Hoop en vrees. De verwachtingen van de vraagsteller wat achter de deur zou kunnen liggen', 6, '6', 388, 90, 0),
(47, 8, 'De instelling van de vraagsteller ten aanzien van de deur', 7, '7', 388, 450, 0),
(48, 8, 'Wat daadwerkelijk achter de deur ligt', 8, '8', 194, 270, 0),
(49, 8, 'Waar de deur te vinden is', 9, '9', 388, 630, 0),
(50, 8, 'Wat er gebeurt bij het openen van de deur', 10, '10', 194, 450, 0),
(51, 8, 'De sleutel van de deur, die op het slot (3) moet passen', 11, '11', 194, 720, 0),
(52, 9, 'De uitgangssituatie: Daar staat de vrager nu', 1, '1', 0, 150, 0),
(53, 9, 'Dit is nu niet belangrijk. Dat is niet te vrezen noch te hopen', 2, '2', 194, 150, 0),
(54, 9, 'Dat is alleen nu belangrijk', 3, '3', 97, 300, 0),
(55, 9, 'Daarheen leidt de volgende stap. Zo gauw u deze situatie doormaakt, is het tijd opnieuw de kaarten te leggen', 4, '4', 97, 0, 0),
(56, 10, 'Hier gaat het om. De kansen en gevaren rond het onderwerp. Linkerzuil: Gedrag tot nu toe. Rechterzuil: Advies betreffende toekomstig gedrag.', 1, '1', 127, 0, 0),
(57, 10, 'Bewuste instelling en rationeel gedrag. Gedachten, argumenten, voorstellingen, intenties, gedragswijzen. Wat de vraagsteller denkt of gedacht heeft.', 2, '2', 0, 150, 0),
(58, 10, 'Onbewuste instelling en emotioneel gedrag. Wensen, verlangens, hoop en vrees. Wat de vraagsteller tot nu toe gevoeld heeft.', 3, '3', 0, 330, 0),
(59, 10, 'Houding naar buiten toe. Het optreden van de vraagsteller. de indruk die hij maakt op anderen.', 4, '4', 0, 510, 0),
(60, 10, 'Houding naar buiten toe. Zo zou de vraagsteller moeten optreden. Dat moet hij doen en laten blijken.', 5, '5', 254, 510, 0),
(61, 10, 'Onbewuste instelling. Advies betreffende de emotionele houding.', 6, '6', 254, 330, 0),
(62, 10, 'Bewuste instelling. Advies betreffende rationele handelswijze.', 7, '7', 254, 150, 0),
(63, 11, 'Dit is mogelijk.', 1, '1', 0, 180, 0),
(64, 11, 'Dit is belangrijk.', 2, '2', 107, 270, 0),
(65, 11, 'Dit is moedig.', 3, '3', 214, 360, 0),
(66, 11, 'Dit is onbeduidend.', 4, '4', 321, 270, 0),
(67, 11, 'Dit is nodig.', 5, '5', 107, 90, 0),
(68, 11, 'Dit is helder.', 6, '6', 214, 0, 0),
(69, 11, 'Dit is raar.', 7, '7', 321, 90, 0),
(70, 11, 'Dit brengt u verder.', 8, '8', 428, 180, 0),
(71, 12, 'Waar u staat.', 1, '1', 254, 0, 0),
(72, 12, 'Waar u heen gaat.', 2, '2', 0, 0, 0),
(73, 12, 'Uw wensen.', 3, '3', 0, 180, 0),
(74, 12, 'Uw angsten.', 4, '4', 254, 180, 0),
(75, 12, 'Uw werkelijk verlangen.', 5, '5', 127, 360, 0),
(76, 12, 'Het geheim van uw zoeken.', 6, '6', 127, 540, 0),
(77, 13, 'Het kruis verwijst over het onderwerp van het thema dat de vraagsteller zicht stelt. Dit gebeurt in de vorm van twee impulsen. Dit is de eerste impuls.', 1, '1', 54, 180, 0),
(78, 13, 'Dit is de tweede impuls.', 2, '2', 161, 207, 270),
(79, 13, 'De belangrijkste impuls op dit moment (volle maan).', 3, '3', 134, 0, 0),
(80, 13, 'De kracht die aan invloed wint (toenemende maan).', 4, '4', 27, 0, 0),
(81, 13, 'De kracht die aan invloed verliest (afnemende maan).', 5, '5', 241, 0, 0),
(82, 13, 'Wat in het duister ligt. Wat er al is, maar nog niet bewust waargenomen wordt. Ofwel de angst of de vrees die vermoed wordt (eerste zuil).', 6, '6', 0, 360, 0),
(83, 13, 'Wat in het licht ligt. Wat er al is en duidelijk waargenomen wordt. Ofwel de hoop of waardering die beseft wordt (tweede zuil).', 7, '7', 267, 360, 0),
(84, 13, 'De maanboot. Geeft aan waar het thema eindigt. Wat er als volgende gebeurt. Datgene wat gaat komen.', 8, '8', 134, 514, 0),
(85, 13, 'Deze kaart vertelt iets over de diepere beweegredenen en kan een antwoord geven op de vraag: ''Waarom".', 9, '9', 107, 387, 270),
(86, 14, 'Dit ben ik.', 1, '1A', 0, 0, 0),
(87, 14, 'Dit ben ik.', 2, '1B', 0, 180, 0),
(88, 14, 'Dit is mijn partner.', 3, '2A', 107, 0, 0),
(89, 14, 'Dit is mijn partner.', 4, '2B', 107, 180, 0),
(90, 14, 'Dit geef ik je.', 5, '3A', 214, 0, 0),
(91, 14, 'Dit geef ik je.', 6, '3B', 214, 180, 0),
(92, 14, 'Dit geef ik je niet.', 7, '4A', 321, 0, 0),
(93, 14, 'Dit geef ik je niet.', 8, '4B', 321, 180, 0),
(94, 14, 'Dit krijg ik van jou.', 9, '5A', 428, 0, 0),
(95, 14, 'Dit krijg ik van jou.', 10, '5B', 428, 180, 0),
(96, 14, 'Dit krijg ik niet van jou.', 11, '6A', 535, 0, 0),
(97, 14, 'Dit krijg ik niet van jou.', 12, '6B', 535, 180, 0),
(98, 14, 'Dit heb ik van jou nodig.', 13, '7A', 642, 0, 0),
(99, 14, 'Dit heb ik van jou nodig.', 14, '7B', 642, 180, 0),
(100, 15, 'De persoon of situatie', 1, '1', 107, 180, 0),
(101, 15, 'Wat voor of tegen hem is', 2, '2', 107, 0, 0),
(102, 15, 'Het verleden', 3, '3', 0, 60, 0),
(103, 15, 'De toekomst', 4, '4', 214, 60, 0),
(104, 15, 'Geadviseerde richting om in te slaan', 5, '5', 0, 300, 0),
(105, 15, 'De omgeving of handelingen van anderen', 6, '6', 214, 300, 0),
(106, 15, 'Het resultaat', 7, '7', 107, 360, 0),
(107, 16, 'Het verleden', 1, '1', 214, 480, 0),
(108, 16, 'Het heden', 2, '2', 0, 150, 0),
(109, 16, 'De verborgen factor.', 3, '3', 107, 225, 0),
(110, 16, 'Het streven.', 4, '4', 214, 300, 0),
(111, 16, 'Houding van anderen.', 5, '5', 321, 225, 0),
(112, 16, 'De te ondernemen actie.', 6, '6', 428, 150, 0),
(113, 16, 'Het eindresultaat.', 7, '7', 214, 0, 0),
(114, 17, 'Positieve invloed.', 1, '1', 107, 0, 0),
(115, 17, 'Positieve invloed.', 2, '2', 214, 270, 0),
(116, 17, 'Negatieve invloed.', 3, '3', 107, 360, 0),
(117, 17, 'Negatieve invloed.', 4, '4', 0, 270, 0),
(118, 17, 'Negatieve invloed.', 5, '5', 0, 90, 0),
(119, 17, 'Positieve invloed.', 6, '6', 107, 180, 0),
(120, 17, 'Persoonlijkheidskaart', 7, 'P', 214, 90, 0),
(121, 18, 'Verleden (1)', 1, '1', 0, 0, 0),
(122, 18, 'Verleden (2)', 2, '2', 127, 0, 0),
(123, 18, 'Verleden (3)', 3, '3', 254, 0, 0),
(124, 18, 'Heden (1)', 4, '4', 254, 180, 0),
(125, 18, 'Heden (2)', 5, '5', 127, 180, 0),
(126, 18, 'Heden (3)', 6, '6', 0, 180, 0),
(127, 18, 'Toekomst (1)', 7, '7', 0, 360, 0),
(128, 18, 'Toekomst (2)', 8, '8', 127, 360, 0),
(129, 18, 'Toekomst (3)', 9, '9', 254, 360, 0),
(130, 19, 'Geeft informatie over het jaar.', 1, '1', 0, 0, 0),
(131, 20, 'Persoonlijkheidskaart: Vertegenwoordigt de vraagsteller', 1, '1', 0, 90, 0),
(132, 20, 'Animus: De Vaderfiguur in ons. Deze vertelt ons wat me moeten doen ongeacht of we het willen of niet.', 2, '2', 107, 0, 0),
(133, 20, 'Samen met 2', 3, '3', 107, 180, 0),
(134, 20, 'Anima: De moederfiguur in ons. Deze herinnert ons aan de plicht tegenover onszelf en de mensheid.', 4, '4', 214, 0, 0),
(135, 20, 'Samen met 4', 5, '5', 214, 180, 0),
(136, 20, 'Kind: De verborgen zijde die openbaart wat we echt willen', 6, '6', 321, 0, 0),
(137, 20, 'Samen met 6', 7, '7', 321, 180, 0),
(138, 21, 'De uitgangssituatie. \r\nDit is het. Hier gaat het om.', 1, '1', 107, 270, 0),
(139, 21, 'De beïnvloedende impuls, die bevorderlijk of remmend kan zijn.\r\nDit kruist het. Dit komt erbij.', 2, '2', 214, 297, 270),
(140, 21, 'Het bewust niveau. Datgene wat de vraagsteller in relatie tot het onderwerp beseft. Datgene wat hij inziet. Datgene waar hij eventueel bewust naar streeft.\r\nDit bekroont het. Dit wordt ingezien.', 3, '3', 187, 90, 0),
(141, 21, 'Het domein van het onbewuste. De aangelegenheid die op het (onbewuste) niveau goed verankerd is. Deze wordt gedragen door een diepgaande innerlijke zekerheid. Heeft sterke wortels en is moeilijk uit te roeien (onkruid).\r\nHierop berust het. Dit wordt vermoed.', 4, '4', 187, 450, 0),
(142, 21, 'De tijdelijk terugvoerende kaart. Ze toont het recente verleden en geeft zo vaak aanwijzingen voor de huidige situatie. \r\nDit was eerder. Dit heeft ertoe geleid.', 5, '5', 0, 270, 0),
(143, 21, 'De eerste op de toekomst wijzende kaart geeft een blik op de nabije toekomst. Datgene wat het eerst verwacht wordt.\r\nDit komt erna. Zo gaat het verder.', 6, '6', 374, 270, 0),
(144, 21, 'Deze kaart toont de vraagsteller zijn instelling ten opzichte van het thema. Tevens informatie over de vordering van de vraagstelling. \r\nDit is de vraagsteller. Zo ziet de vraagsteller het.', 7, '7', 481, 540, 0),
(145, 21, 'De omgeving. Het kan zowel de plaats van gebeuren betreffen als de invloed op anderen op het onderwerp. \r\nHier vindt het plaats. Zo zien anderen het, of daar gebeurt het.', 8, '8', 481, 360, 0),
(146, 21, 'Hoop en angst. Verwachtingen en angsten worden weerspiegeld.\r\nDit is wat gehoopt en gevreesd wordt.', 9, '9', 481, 180, 0),
(147, 21, 'De tweede op de toekomst wijzende kaart. Geeft vooruitzicht op langere termijn. Toont mogelijk hoogtepunt van het einddoel. \r\nDit is het resultaat.', 10, '10', 481, 0, 0),
(148, 22, 'Samen met 2. Waar u vandaan komt, enerzijds/anderzijds.', 1, '1', 0, 300, 0),
(149, 22, 'Samen met 1. Dat pleit ervoor .', 2, '2', 194, 300, 0),
(150, 22, 'Samen met 4. Dat pleit ertegen.', 3, '3', 0, 0, 0),
(151, 22, 'Samen met 3. Waar u heen gaat, gevaren/kansen.', 4, '4', 194, 0, 0),
(152, 22, 'Oordeel.', 5, '5', 97, 150, 0),
(153, 23, 'Kether: Spirituele impuls, hogere zelf, spirituele invloeden die iemand omgeven, de wortels van nieuwe dingen die in iemand leven komen. Conceptie van wat dan ook.\r\nDe Vier Azen', 1, '1', 107, 0, 0),
(154, 23, 'Chokma: Mannelijk beeld, hoe iemand in verhouding tot de actieve mannelijke kracht staat, nieuwe dingen die elk moment kunnen ontstaan. Linkerkant van het hoofd. De eerste maand van de zwangerschap. Vader.\r\nDe vier Tweeën', 2, '2', 214, 90, 0),
(155, 23, 'Bina: Vrouwelijk beeld, hoe iemand in verhouding staat tot het ontvangende, structurerende levensproces, rechterkant van het hoofd. De tweede maand van de zwangerschap. Moeder.\r\nDe vier Drieën', 3, '3', 0, 90, 0),
(156, 23, 'Chesed: Idealen, de wet, religieuze zaken, iemands innerlijke wil, het proces van plannen, medelevende natuur, linkerschouder en -arm. De derde maand van de zwangerschap. Vrouwelijke verwanten.\r\nDe vier Vieren', 4, '4', 214, 270, 0),
(157, 23, 'Geburah: Actieve aspiraties, vermogen tot handelen, vastberadenheid, kracht, vermogen het verleden te vernietigen om de toekomst te kunnen scheppen, rechterschouder en -arm. De vierde maand van de zwangerschap. Mannelijke verwanten.\r\nDe vier Vijven', 5, '5', 0, 270, 0),
(158, 23, 'Tifaret: Controle, evenwicht, harmonie, hartcentrum, zijncentrum, longen, zonnevlecht, actieve wil, dingen gaan nu beslist in vervulling. De vijfde maand van de zwangerschap. Echtgenoot in vrouwelijke lezing.\r\nDe vier Zessen', 6, '6', 107, 360, 0),
(159, 23, 'Netsach: Emotionele aard, gevoelens, verlangens, artistieke creativiteit, romance, linkerhand en heup-rug-lende, zoons. De zesde maand van de zwangerschap.\r\nDe vier Zevens', 7, '7', 214, 450, 0),
(160, 23, 'Hod: Gedachten, communicatie, spraak, logica, rechterhand en heup-rug-lende, dochters. De zevende maand van de zwangerschap. \r\nDe vier Achten', 8, '8', 0, 450, 0),
(161, 23, 'Jesod: Verbeelding, instincten, gewoontepatronen, seks, voedsel, huiselijke omgeving, geslachtsorganen. Achtste maand van de zwangerschap.\r\nDe vier Negens', 9, '9', 107, 540, 0),
(162, 23, 'Malkoet: Algemene lichamelijke conditie en omgeving, wat nu gebeurt en zojuist gebeurt is, benen en voeten. Alles wat zich nu geopenbaard heeft of wat voorbijgaat. De negende maand van de zwangerschap. Geboorte en dood.\r\nDe vier tienen', 10, '10', 107, 720, 0),
(163, 24, 'Ambitie, actie, agressieve energie, mentale ''spier'', het begin van een onderneming', 1, '1', 0, 0, 0),
(164, 24, 'Partnerschap, harmonie, vrede en gematigdheid, het begin van een nieuwe relatie', 2, '2', 107, 0, 0),
(165, 24, 'Creativiteit, nieuwe beginsituaties waarin andere mensen betrokken zijn, materiële voordelen die uit partnerschap voortvloeien, mogelijke de geboorte van een kind', 3, '3', 214, 0, 0),
(166, 24, 'Veiligheid, practische zaken, de oprichting van wat dan ook, beperkingen en begrenzingen, ouders, gezaghebbende personen, bedrijfsroutine', 4, '4', 321, 0, 0),
(167, 24, 'Activiteit, de behoefte uit een gevestige routine te breken, reizen, verandering, zichzelf of zijn produkten aan de man brengen', 5, '5', 428, 0, 0),
(168, 24, 'Huis en gezin, plichten en banden, het geven van liefde, warmte, voedsel en veiligheid, harmonie, gezondheid en zorgen voor het welzijn van anderen', 6, '6', 49, 180, 0),
(169, 24, 'Rust, ontspanning en tijd om over dingen na te denken, paranormale of religieuze en spirituele ideeën, bespiegeling en analyse', 7, '7', 157, 180, 0),
(170, 24, 'Materieel succes en ook spirituele verworvenheid, vooruitgang rn eventwicht daartussen hetgeen resulteert in succesm geld en zaken zullen gedijen', 8, '8', 263, 180, 0),
(171, 24, 'Volmaaktheid, voltooiing, onbaatzuchtige liefde, mensenlievendheid, het einde van een fase, het verlies van een aspect van het leven hetgeen de weg vrijmaakt voor een nieuwe cyclus, het bereiken van een hoger niveau in de spirituele ontwikkeling, het verbeteren van de karma', 9, '9', 370, 180, 0),
(172, 25, 'Zo zie ik jou', 1, '1A', 0, 0, 0),
(173, 25, 'Zo zie ik jou', 2, '1B', 194, 0, 0),
(174, 25, 'Zo zie ik mezelf', 3, '2A', 0, 180, 0),
(175, 25, 'Zo zie ik mezelf', 4, '2B', 194, 180, 0),
(176, 25, 'Zo zie ik onze relatie', 5, '3A', 0, 360, 0),
(177, 25, 'Zo zie ik onze relatie', 6, '3B', 194, 360, 0),
(178, 26, 'Daar komt u vandaan.', 1, '1', 291, 0, 0),
(179, 26, 'Daar gaat u heen.', 2, '2', 0, 150, 0),
(180, 26, 'Dat vindt u moeilijk.', 3, '3', 485, 450, 0),
(181, 26, 'Daar hebt u zin in.', 4, '4', 582, 150, 0),
(182, 26, 'Dat betekent veel: uw grote doel.', 5, '5', 97, 450, 0),
(183, 27, 'Vroegere invloeden.', 1, '1', 214, 360, 0),
(184, 27, 'Huidige invloeden..', 2, '2', 321, 360, 0),
(185, 27, 'Toekomstige invloeden.', 3, '3', 267, 180, 0),
(186, 27, 'Wat de vragensteller aan de situatie moet doen.', 4, '4', 160, 0, 0),
(187, 27, 'De houding van de mensen om de vragensteller heen.', 5, '5', 53, 180, 0),
(188, 27, 'Obstakels.', 6, '6', 0, 360, 0),
(189, 27, 'De einduitkomst.', 7, '7', 107, 360, 0),
(190, 28, 'Een belangrijke aanwzijzing', 1, '1', 97, 150, 0),
(191, 28, 'Drijfveer', 2, '2', 0, 0, 0),
(192, 28, 'Uiterlijke invloede.', 3, '3', 194, 0, 0),
(193, 28, 'Zo zal het niet lukken', 4, '4', 194, 300, 0),
(194, 28, 'Zo zal het lukken', 5, '5', 0, 300, 0),
(195, 29, 'Positieve invloed\r\nMoedigt aan tot', 1, '1', 0, 0, 0),
(196, 29, 'Negatieve invloed\r\nwaarschuwt voor', 2, '2', 107, 0, 0),
(197, 30, 'De significator. Deze kaart illustreert de situatie waarin de relatie zich bevindt; het thema dat kenmerkt voor de relatie is. De Linkerzuil (7,6,5) staat voor de vraagsteller\r\nDe Rechterzuil (2,3,4) staat voor de partner.', 1, 'S', 107, 180, 0),
(198, 30, 'Bewuste niveau van partner A.\r\nHet gaat om datgene wat beiden denken, in hun hoofd hebben, en hoe elk de relatie bewust ziet.', 2, '1A', 0, 0, 0),
(199, 30, 'Bewuste niveau van partner B.\r\nHet gaat om datgene wat beiden denken, in hun hoofd hebben, en hoe elk de relatie bewust ziet.', 3, '1B', 214, 0, 0),
(200, 30, 'Innerlijke niveau van partner A.', 4, '2A', 0, 180, 0),
(201, 30, 'Innerlijke niveau van partner B.', 5, '2B', 214, 180, 0),
(202, 30, 'De houding naar buiten toe van partner A.', 6, '3A', 0, 360, 0),
(203, 30, 'De houding naar buiten toe van partner B.', 7, '3B', 214, 360, 0),
(204, 31, 'Januari', 1, '1', 0, 270, 0),
(205, 31, 'December', 12, '12', 107, 180, 0),
(206, 31, 'November', 11, '11', 214, 90, 0),
(207, 31, 'Oktober', 10, '10', 321, 0, 0),
(208, 31, 'September', 9, '9', 428, 90, 0),
(209, 31, 'Augustus', 8, '8', 535, 180, 0),
(210, 31, 'Juli', 7, '7', 642, 270, 0),
(211, 31, 'Juni', 6, '6', 535, 360, 0),
(212, 31, 'Mei', 5, '5', 428, 450, 0),
(213, 31, 'April', 4, '4', 321, 560, 0),
(214, 31, 'Maart', 3, '2', 214, 450, 0),
(215, 31, 'Februari', 2, '2', 107, 360, 0),
(216, 31, 'Kaart 13 geeft informatie over het hele jaar en is een samenvatting van de voorgaande 12 kaarten.', 13, '13', 321, 270, 0),
(217, 32, 'Verleden', 1, '1', 0, 0, 0),
(218, 32, 'Heden', 2, '2', 107, 0, 0),
(219, 32, 'Toekomst', 3, '3', 214, 0, 0),
(220, 33, 'Waar u staat.', 1, '1', 127, 0, 0),
(221, 33, 'Uw taak/taken.', 2, '2', 0, 180, 0),
(222, 33, 'Uw moeilijkheden/angsten.', 3, '3', 127, 360, 0),
(223, 33, 'Uw sterke punten/instelling waarmee u verder komt.', 4, '4', 254, 180, 0),
(224, 33, 'Uw doel/resultaat van inspanning.', 5, '5', 127, 180, 0),
(225, 34, 'Deze kaart wordt open uitgezocht. Uw bewuste instelling.', 1, '1', 0, 0, 0),
(226, 34, 'Deze kaart wordt dicht uitgezocht.\r\nuw onbewuste instelling.', 2, '2', 107, 0, 0),
(227, 35, 'Hier Gaat het om', 1, '1', 0, 150, 0),
(228, 35, 'Dit zou u niet moeten doen', 2, '2', 194, 150, 0),
(229, 35, 'Dit zou u moeten doen', 3, '3', 97, 300, 0),
(230, 35, 'Hier leidt het toe', 4, '4', 97, 0, 0),
(231, 36, 'Dit laat u achter.', 1, '1', 54, 180, 0),
(232, 36, 'Dit bereikt u.', 2, '2', 161, 180, 0),
(233, 36, 'Dat gaat mee.', 3, '3', 0, 360, 0),
(234, 36, 'Dat brengt u geluk.', 4, '4', 107, 360, 0),
(235, 36, 'Dat komt u nog tegen.', 5, '5', 214, 360, 0),
(236, 36, 'Deze oplossing brengt u geluk.', 6, '6', 107, 0, 0),
(237, 37, 'Dit ben jij in je leven.\r\nJe huidige situatie en stemming.', 1, '1', 321, 0, 0),
(238, 37, 'Dit wil je aan een ander geven.\r\nWat je aan de buitenwereld laat zien, hoe je op anderen overkomt.', 2, '2', 214, 90, 0),
(239, 37, 'Dit vervult je met angst. \r\nWat je bewust of onbewust verbergt.', 3, '3', 428, 90, 0),
(240, 37, 'Dit is iets waarna je streeft. \r\nWat je graag wil doen, je handelingen.', 4, '4', 107, 180, 0),
(241, 37, 'Dit zul je gaan beleven. \r\nHoe het met je gaat en wat je zult bereiken.', 5, '5', 535, 180, 0),
(242, 37, 'Dit zal je toekomst geven. \r\nWat er hierna komt.', 6, '6', 0, 270, 0),
(243, 37, 'Dit zal voor altijd aan je kleven.\r\nWat dat voor je betekend.', 7, '7', 642, 270, 0),
(244, 38, 'Dit weet u al', 1, '1', 0, 0, 0),
(245, 38, 'Dit kunt u goed', 2, '2', 107, 0, 0),
(246, 38, 'Dit is nog nieuw', 3, '3', 214, 0, 0),
(247, 38, 'Dit leert u er nu over', 4, '4', 321, 0, 0),
(248, 39, 'Thema van de vraag, uzelf.', 1, '1', 214, 540, 0),
(249, 39, 'Positieve aanvulling op 1.', 2, '2', 107, 540, 0),
(250, 39, 'Negatieve aanvulling op 1.', 3, '3', 321, 540, 0),
(251, 39, 'Wortel, basis, steun.', 4, '4', 214, 720, 0),
(252, 39, 'Kroon, kans, tendens.', 5, '5', 214, 360, 0),
(253, 39, 'Verleden, of datgene wat er al is.', 6, '6', 0, 540, 0),
(254, 39, 'Toekomst, of datgene wat erbij komt.', 7, '7', 428, 540, 0),
(255, 39, 'Samenvatting van 1-7: Innerlijke kracht.', 8, '8', 535, 720, 0),
(256, 39, 'Hoop en vrees.', 9, '9', 642, 540, 0),
(257, 39, 'Omgevingen en invloeden van buiten; uw rol naar buiten toen.', 10, '10', 642, 360, 0),
(258, 39, 'Resumé, of een factor waarop u in het bijzonder toe opmerkzaam wordt gemaakt, die al aanwezig is en voor uw vraag een bijzondere betekenis krijgt.', 11, '11', 642, 180, 0),
(259, 39, 'Samen met 10.', 12, '12', 535, 90, 0),
(260, 39, 'Samen met 10.', 13, '13', 428, 0, 0),
(261, 40, 'Dagkaart.', 1, '1', 107, 0, 0),
(262, 40, 'Bijzondere taak voor vandaag.', 2, '2', 0, 90, 0),
(263, 40, 'Bijzondere kansen voor vandaag.', 3, '3', 214, 90, 0),
(264, 41, 'Huidige Situatie', 1, '1', 0, 0, 0),
(265, 41, 'Wensvoorstelling', 2, '2', 428, 0, 0),
(266, 41, 'Bruggen van 1 naar 2', 3, '3', 107, 0, 0),
(267, 41, 'Bruggen van 1 naar 2', 4, '4', 214, 0, 0),
(268, 41, 'Bruggen van 1 naar 2', 5, '5', 321, 0, 0),
(269, 42, 'Uw ''bruidsschat''.', 1, '1', 54, 180, 0),
(270, 42, '… de vloek ervan.', 2, '2', 161, 180, 0),
(271, 42, '... de belofte ervan.', 3, '3', 0, 360, 0),
(272, 42, 'Een uitdaging voor u.', 4, '4', 107, 360, 0),
(273, 42, 'Een blijvend raadsel voor u.', 5, '5', 214, 360, 0),
(274, 42, 'Een last, maar voor u noodzakelijk.', 6, '6', 107, 0, 0),
(275, 42, 'Uw taak.', 7, '7', 54, 540, 0),
(276, 42, 'Uw probleem.', 8, '8', 161, 540, 0),
(277, 42, 'Uw oplossing.', 9, '9', 104, 720, 0),
(278, 43, 'Innerlijk (zijn).', 1, 'A', 241, 0, 0),
(279, 43, 'Uiterlijk (doen).', 2, 'B', 348, 0, 270),
(280, 43, 'Ervaringen uit het verleden.', 3, '1', 0, 180, 0),
(281, 43, 'Verwachtingen.', 4, '2', 107, 180, 0),
(282, 43, 'Werk (1).', 5, '3', 214, 180, 0),
(283, 43, 'Werk (2).', 6, '4', 321, 180, 0),
(284, 43, 'Werk (3).', 7, '5', 428, 180, 0),
(285, 43, 'Uitkomst.', 8, '6', 535, 180, 0),
(286, 43, 'Resultaat.', 9, '7', 642, 180, 0),
(287, 44, 'De kern van de zaak.', 1, '1', 127, 180, 0),
(288, 44, 'Uw uitgangspunt.', 2, '2', 0, 180, 0),
(289, 44, 'Uw basis, fundament.', 3, '3', 127, 360, 0),
(290, 44, 'Uw kansen/wat u te hulp komt.', 4, '4', 127, 0, 0),
(291, 44, 'Een probleem wordt opgelost.', 5, '5', 254, 180, 0),
(292, 44, 'Een wens komt in vervulling.', 6, '6', 381, 180, 0),
(293, 44, 'Nieuw inzicht, nieuw begrip.', 7, '7', 488, 180, 0);

